149900,4946700,4,3,1808,42.036,House for sale,6011 Red Oak Dr Fort Wayne IN 46835,https://www.zillow.com/homedetails/6011-Red-Oak-Dr-Fort-Wayne-IN-46835/73179177_zpid/
129900,4286700,3,2,1525,35.45625,House for sale,6917 Peachwood Ct Fort Wayne IN 46825,https://www.zillow.com/homedetails/6917-Peachwood-Ct-Fort-Wayne-IN-46825/73153396_zpid/
334900,11051700,4,3,2443,56.79975,House for sale,1184 Watertree Rd Terre Haute IN 47803,https://www.zillow.com/homedetails/1184-Watertree-Rd-Terre-Haute-IN-47803/77137677_zpid/
110000,3630000,4,2,1911,44.43075,House for sale,1405 W Gilbert St Muncie IN 47303,https://www.zillow.com/homedetails/1405-W-Gilbert-St-Muncie-IN-47303/85201432_zpid/
285000,9405000,3,3,2944,68.448,House for sale,2819 York Rd South Bend IN 46614,https://www.zillow.com/homedetails/2819-York-Rd-South-Bend-IN-46614/77034335_zpid/
155000,5115000,4,3,2325,54.05625,House for sale,3114 W Franklin St Evansville IN 47712,https://www.zillow.com/homedetails/3114-W-Franklin-St-Evansville-IN-47712/77077148_zpid/
265000,8745000,4,3,2552,59.334,House for sale,4400 W Larch Pl Newburgh IN 47630,https://www.zillow.com/homedetails/4400-W-Larch-Pl-Newburgh-IN-47630/85753046_zpid/
320000,10560000,3,3,2568,59.706,House for sale,1064 Richwood Dr Avon IN 46123,https://www.zillow.com/homedetails/1064-Richwood-Dr-Avon-IN-46123/97327878_zpid/
169900,5606700,3,2,1587,36.89775,House for sale,7301 S Equestrian Pl Muncie IN 47302,https://www.zillow.com/homedetails/7301-S-Equestrian-Pl-Muncie-IN-47302/85206059_zpid/
240000,7920000,4,3,2972,69.099,House for sale,332 Treeline Rd Terre Haute IN 47802,https://www.zillow.com/homedetails/332-Treeline-Rd-Terre-Haute-IN-47802/102894890_zpid/
650000,21450000,4,4,4634,107.7405,House for sale,6429 County Road 327 Garrett IN 46738,https://www.zillow.com/homedetails/6429-County-Road-327-Garrett-IN-46738/105677698_zpid/
32000,1056000,3,2,1480,34.41,Foreclosure,1814 N Obrien St South Bend IN 46628,https://www.zillow.com/homedetails/1814-N-Obrien-St-South-Bend-IN-46628/2065627545_zpid/
98890,3263370,4,3,2025,47.08125,House for sale,1585 Dundee Dr New Haven IN 46774,https://www.zillow.com/homedetails/1585-Dundee-Dr-New-Haven-IN-46774/73193900_zpid/
659000,21747000,5,4,5244,121.923,House for sale,9052 Nautical Watch Dr Indianapolis IN 46236,https://www.zillow.com/homedetails/9052-Nautical-Watch-Dr-Indianapolis-IN-46236/1160445_zpid/
269900,8906700,4,3,2991,69.54075,House for sale,6629 Sedgemore Pl Fort Wayne IN 46835,https://www.zillow.com/homedetails/6629-Sedgemore-Pl-Fort-Wayne-IN-46835/73163738_zpid/
148900,4913700,3,2,1364,31.713,House for sale,11982 N 457 E #1 Demotte IN 46310,https://www.zillow.com/homedetails/11982-N-457-E-1-Demotte-IN-46310/85627060_zpid/
359900,11876700,4,3,3799,88.32675,House for sale,431 Plainville Dr Westfield IN 46074,https://www.zillow.com/homedetails/431-Plainville-Dr-Westfield-IN-46074/94406201_zpid/
5200,171600,3,1,1044,24.273,Multi-family home for sale,508 Grove St East Chicago IN 46312,https://www.zillow.com/homedetails/508-Grove-St-East-Chicago-IN-46312/73325694_zpid/
179900,5936700,3,2,1176,27.342,House for sale,2147 Kennedy St Portage IN 46368,https://www.zillow.com/homedetails/2147-Kennedy-St-Portage-IN-46368/81512608_zpid/
209900,6926700,4,2,1944,45.198,House for sale,2310 Mill St Kokomo IN 46902,https://www.zillow.com/homedetails/2310-Mill-St-Kokomo-IN-46902/85382634_zpid/
360000,11880000,4,3,2736,63.612,House for sale,3128 State Road 26 W West Lafayette IN 47906,https://www.zillow.com/homedetails/3128-State-Road-26-W-West-Lafayette-IN-47906/50632256_zpid/
409900,13526700,3,3,2914,67.7505,House for sale,2005 Timberstone Dr E Elkhart IN 46514,https://www.zillow.com/homedetails/2005-Timberstone-Dr-E-Elkhart-IN-46514/145622868_zpid/
275000,9075000,3,2,1344,31.248,House for sale,666 Russell Lake East Dr Zionsville IN 46077,https://www.zillow.com/homedetails/666-Russell-Lake-East-Dr-Zionsville-IN-46077/85124695_zpid/
550000,18150000,3,3,3123,72.60975,House for sale,7411 Central Ave Indianapolis IN 46240,https://www.zillow.com/homedetails/7411-Central-Ave-Indianapolis-IN-46240/1261909_zpid/
219900,7256700,3,2,2277,52.94025,House for sale,818 N Noble St Greenfield IN 46140,https://www.zillow.com/homedetails/818-N-Noble-St-Greenfield-IN-46140/85287365_zpid/
389900,12866700,4,2,1916,44.547,House for sale,651 Ash Dr Carmel IN 46032,https://www.zillow.com/homedetails/651-Ash-Dr-Carmel-IN-46032/73234568_zpid/
374900,12371700,4,3,3300,76.725,House for sale,1930 Huckleberry Ct Indianapolis IN 46260,https://www.zillow.com/homedetails/1930-Huckleberry-Ct-Indianapolis-IN-46260/1272821_zpid/
399000,13167000,3,2,2098,48.7785,House for sale,1220 E 400 S Columbia City IN 46725,https://www.zillow.com/homedetails/1220-E-400-S-Columbia-City-IN-46725/99222605_zpid/
159900,5276700,3,2,2332,54.219,House for sale,3016 Colonial Dr Mishawaka IN 46544,https://www.zillow.com/homedetails/3016-Colonial-Dr-Mishawaka-IN-46544/77014783_zpid/
299900,9896700,3,3,1728,40.176,House for sale,2202 Jackson St Portage IN 46368,https://www.zillow.com/homedetails/2202-Jackson-St-Portage-IN-46368/81503817_zpid/
285000,9405000,3,2,2914,67.7505,House for sale,3905 Chapel View Ln New Albany IN 47150,https://www.zillow.com/homedetails/3905-Chapel-View-Ln-New-Albany-IN-47150/85238987_zpid/
239900,7916700,3,2,2106,48.9645,House for sale,6211 Miami St South Bend IN 46614,https://www.zillow.com/homedetails/6211-Miami-St-South-Bend-IN-46614/77048970_zpid/
180000,5940000,3,1,1664,38.688,House for sale,3205 S Rogers St Bloomington IN 47403,https://www.zillow.com/homedetails/3205-S-Rogers-St-Bloomington-IN-47403/94517858_zpid/
165000,5445000,4,2,1524,35.433,House for sale,2315 S German Church Rd Indianapolis IN 46239,https://www.zillow.com/homedetails/2315-S-German-Church-Rd-Indianapolis-IN-46239/1224834_zpid/
279900,9236700,4,3,1849,42.98925,House for sale,1106 Fairway Dr Indianapolis IN 46260,https://www.zillow.com/homedetails/1106-Fairway-Dr-Indianapolis-IN-46260/1269083_zpid/
550000,18150000,4,3,3098,72.0285,House for sale,14601 Scarborough Ln Noblesville IN 46062,https://www.zillow.com/homedetails/14601-Scarborough-Ln-Noblesville-IN-46062/73213506_zpid/
249900,8246700,3,2,1576,36.642,House for sale,4122 Nantucket Dr Fort Wayne IN 46815,https://www.zillow.com/homedetails/4122-Nantucket-Dr-Fort-Wayne-IN-46815/180507010_zpid/
275000,9075000,3,2,1584,36.828,House for sale,20062 Gregory Cir Noblesville IN 46062,https://www.zillow.com/homedetails/20062-Gregory-Cir-Noblesville-IN-46062/73216071_zpid/
439000,14487000,4,3,2756,64.077,House for sale,12168 Lantana Ln Fishers IN 46037,https://www.zillow.com/homedetails/12168-Lantana-Ln-Fishers-IN-46037/249702888_zpid/
159900,5276700,3,1,2078,48.3135,House for sale,405 Highland Ave Crawfordsville IN 47933,https://www.zillow.com/homedetails/405-Highland-Ave-Crawfordsville-IN-47933/85599537_zpid/
225000,7425000,2,2,1852,43.059,House for sale,5267 Kingsley Dr Indianapolis IN 46220,https://www.zillow.com/homedetails/5267-Kingsley-Dr-Indianapolis-IN-46220/1260158_zpid/
375000,12375000,4,3,3040,70.67999999999999,House for sale,5605 Flinchum Way S Noblesville IN 46062,https://www.zillow.com/homedetails/5605-Flinchum-Way-S-Noblesville-IN-46062/99132901_zpid/
250000,8250000,3,1,1196,27.807,House for sale,8741 E Doe Run Rd Madison IN 47250,https://www.zillow.com/homedetails/8741-E-Doe-Run-Rd-Madison-IN-47250/227952843_zpid/
235000,7755000,3,2,1408,32.736,House for sale,5208 Twin Bridge Blvd Indianapolis IN 46239,https://www.zillow.com/homedetails/5208-Twin-Bridge-Blvd-Indianapolis-IN-46239/92464371_zpid/
300000,9900000,3,2,1596,37.107,House for sale,4103 E 79th St Indianapolis IN 46250,https://www.zillow.com/homedetails/4103-E-79th-St-Indianapolis-IN-46250/1268295_zpid/
449900,14846700,6,2,4176,97.092,House for sale,7373 N County Road 400 W Saint Paul IN 47272,https://www.zillow.com/homedetails/7373-N-County-Road-400-W-Saint-Paul-IN-47272/85171570_zpid/
265000,8745000,4,3,2428,56.451,House for sale,7604 Cloudy Ct Camby IN 46113,https://www.zillow.com/homedetails/7604-Cloudy-Ct-Camby-IN-46113/103863301_zpid/
285000,9405000,4,3,1738,40.4085,House for sale,63 Carriage Lake Dr Brownsburg IN 46112,https://www.zillow.com/homedetails/63-Carriage-Lake-Dr-Brownsburg-IN-46112/85334753_zpid/
315000,10395000,4,3,2724,63.333,House for sale,4564 W Quail Run Dr New Palestine IN 46163,https://www.zillow.com/homedetails/4564-W-Quail-Run-Dr-New-Palestine-IN-46163/85277687_zpid/
250000,8250000,3,2,1842,42.8265,House for sale,604 Braugham Rd Indianapolis IN 46227,https://www.zillow.com/homedetails/604-Braugham-Rd-Indianapolis-IN-46227/1182369_zpid/
259900,8576700,4,2,1680,39.06,House for sale,1027 Saint Paul St Shelbyville IN 46176,https://www.zillow.com/homedetails/1027-Saint-Paul-St-Shelbyville-IN-46176/85700760_zpid/
640000,21120000,5,5,4569,106.22925,House for sale,6231 Ruthven Dr Noblesville IN 46062,https://www.zillow.com/homedetails/6231-Ruthven-Dr-Noblesville-IN-46062/124613423_zpid/
169900,5606700,4,2,1036,24.087,House for sale,10525 Mohave Ct Indianapolis IN 46235,https://www.zillow.com/homedetails/10525-Mohave-Ct-Indianapolis-IN-46235/1235673_zpid/
295000,9735000,4,2,2562,59.5665,House for sale,1202 N Butler Ave Indianapolis IN 46219,https://www.zillow.com/homedetails/1202-N-Butler-Ave-Indianapolis-IN-46219/1222760_zpid/
175000,5775000,3,1,1721,40.01325,House for sale,6441 Jackson St Indianapolis IN 46241,https://www.zillow.com/homedetails/6441-Jackson-St-Indianapolis-IN-46241/1295764_zpid/
149900,4946700,4,2,1816,42.222,House for sale,403 E Quincy St Garrett IN 46738,https://www.zillow.com/homedetails/403-E-Quincy-St-Garrett-IN-46738/85185382_zpid/
145000,4785000,3,2,1431,33.27075,House for sale,118 Date St Greenfield IN 46140,https://www.zillow.com/homedetails/118-Date-St-Greenfield-IN-46140/85289278_zpid/
175000,5775000,4,2,1476,34.317,House for sale,1334 Wilkes Dr Anderson IN 46013,https://www.zillow.com/homedetails/1334-Wilkes-Dr-Anderson-IN-46013/80680658_zpid/
669900,22106700,4,3,5095,118.45875,House for sale,220 Bentley Dr Zionsville IN 46077,https://www.zillow.com/homedetails/220-Bentley-Dr-Zionsville-IN-46077/85122640_zpid/
149900,4946700,2,2,1312,30.504,House for sale,3011 S 350 E Warsaw IN 46580,https://www.zillow.com/homedetails/3011-S-350-E-Warsaw-IN-46580/85490280_zpid/
409900,13526700,4,3,3882,90.2565,House for sale,1977 N Riverwood Dr Shelbyville IN 46176,https://www.zillow.com/homedetails/1977-N-Riverwood-Dr-Shelbyville-IN-46176/85707545_zpid/
130000,4290000,3,1,950,22.0875,House for sale,1508 N Sheridan St South Bend IN 46628,https://www.zillow.com/homedetails/1508-N-Sheridan-St-South-Bend-IN-46628/94563257_zpid/
159900,5276700,3,1,1125,26.15625,House for sale,4412 Longfield Dr Evansville IN 47710,https://www.zillow.com/homedetails/4412-Longfield-Dr-Evansville-IN-47710/97348933_zpid/
299000,9867000,3,4,2896,67.332,House for sale,14540 W 900th Rd N Jasonville IN 47438,https://www.zillow.com/homedetails/14540-W-900th-Rd-N-Jasonville-IN-47438/2065556856_zpid/
599000,19767000,5,3,3737,86.88525,House for sale,505 W 625 S Lafayette IN 47909,https://www.zillow.com/homedetails/505-W-625-S-Lafayette-IN-47909/50635111_zpid/
274900,9071700,3,2,1455,33.82875,House for sale,2883 S Wollenweber Rd New Palestine IN 46163,https://www.zillow.com/homedetails/2883-S-Wollenweber-Rd-New-Palestine-IN-46163/85291165_zpid/
285000,9405000,3,2,2196,51.057,House for sale,407 Roseberry St Hebron IN 46341,https://www.zillow.com/homedetails/407-Roseberry-St-Hebron-IN-46341/81525483_zpid/
169900,5606700,3,2,1430,33.2475,House for sale,1000 Windsor Rd Terre Haute IN 47802,https://www.zillow.com/homedetails/1000-Windsor-Rd-Terre-Haute-IN-47802/77139000_zpid/
325000,10725000,3,2,2576,59.892,House for sale,6178 Robbins Rd Portage IN 46368,https://www.zillow.com/homedetails/6178-Robbins-Rd-Portage-IN-46368/71137693_zpid/
254900,8411700,3,2,2596,60.357,House for sale,8003 Moss Grove Pl Fort Wayne IN 46825,https://www.zillow.com/homedetails/8003-Moss-Grove-Pl-Fort-Wayne-IN-46825/73151102_zpid/
119000,3927000,4,3,3151,73.26075,Multi-family home for sale,515 Washington Ave Evansville IN 47713,https://www.zillow.com/homedetails/515-Washington-Ave-Evansville-IN-47713/97347501_zpid/
299500,9883500,3,2,2005,46.61625,House for sale,6172 N Delaware St Indianapolis IN 46220,https://www.zillow.com/homedetails/6172-N-Delaware-St-Indianapolis-IN-46220/1249470_zpid/
214900,7091700,3,2,1560,36.27,House for sale,2829 E 450 N Warsaw IN 46582,https://www.zillow.com/homedetails/2829-E-450-N-Warsaw-IN-46582/85505954_zpid/
485000,16005000,4,3,2915,67.77374999999999,House for sale,14155 W 93rd Pl Saint John IN 46373,https://www.zillow.com/homedetails/14155-W-93rd-Pl-Saint-John-IN-46373/73316575_zpid/
499900,16496700,4,4,4566,106.1595,House for sale,9796 Scotch Pine Ct Fishers IN 46037,https://www.zillow.com/homedetails/9796-Scotch-Pine-Ct-Fishers-IN-46037/73267551_zpid/
295000,9735000,3,3,2124,49.383,House for sale,11886 Copper Mines Way Fishers IN 46038,https://www.zillow.com/homedetails/11886-Copper-Mines-Way-Fishers-IN-46038/94396126_zpid/
429900,14186700,4,3,3382,78.6315,House for sale,3649 E 1000th Rd N Bluffton IN 46714,https://www.zillow.com/homedetails/3649-E-1000th-Rd-N-Bluffton-IN-46714/2065537453_zpid/
399900,13196700,3,3,2237,52.01025,House for sale,85 Village Pl Zionsville IN 46077,https://www.zillow.com/homedetails/85-Village-Pl-Zionsville-IN-46077/94279444_zpid/
275000,9075000,3,2,1671,38.85075,House for sale,9432 Southeastern Ave Indianapolis IN 46239,https://www.zillow.com/homedetails/9432-Southeastern-Ave-Indianapolis-IN-46239/1129898_zpid/
139900,4616700,3,1,1320,30.69,House for sale,4221 Norton Dr South Bend IN 46614,https://www.zillow.com/homedetails/4221-Norton-Dr-South-Bend-IN-46614/77048504_zpid/
429900,14186700,5,3,2445,56.84625,House for sale,30329 Pine Bluff Dr Elkhart IN 46517,https://www.zillow.com/homedetails/30329-Pine-Bluff-Dr-Elkhart-IN-46517/249823012_zpid/
129900,4286700,3,1,1168,27.156,House for sale,569 W Channel Dr Hebron IN 46341,https://www.zillow.com/homedetails/569-W-Channel-Dr-Hebron-IN-46341/89785980_zpid/
160000,5280000,3,2,1456,33.852,Home for sale,180 N 50 W Albion IN 46701,https://www.zillow.com/homedetails/180-N-50-W-Albion-IN-46701/94538057_zpid/
344000,11352000,3,3,2812,65.379,House for sale,3483 Wyndham Pl E Columbus IN 47203,https://www.zillow.com/homedetails/3483-Wyndham-Pl-E-Columbus-IN-47203/102839471_zpid/
185000,6105000,3,2,1352,31.434,House for sale,(undisclosed Address) Crawfordsville IN 47933,https://www.zillow.com/homedetails/Crawfordsville-IN-47933/85599208_zpid/
162000,5346000,3,2,1582,36.7815,House for sale,5023 S 1100 E Laotto IN 46763,https://www.zillow.com/homedetails/5023-S-1100-E-Laotto-IN-46763/85632722_zpid/
335000,11055000,4,3,1769,41.12925,House for sale,1904 Perry Crossing Rd Sellersburg IN 47172,https://www.zillow.com/homedetails/1904-Perry-Crossing-Rd-Sellersburg-IN-47172/119437431_zpid/
180000,5940000,5,2,2348,54.591,House for sale,6846 Illinois Ave Hammond IN 46323,https://www.zillow.com/homedetails/6846-Illinois-Ave-Hammond-IN-46323/73363194_zpid/
310000,10230000,4,3,2032,47.244,House for sale,6115 Redcoach Ln Indianapolis IN 46250,https://www.zillow.com/homedetails/6115-Redcoach-Ln-Indianapolis-IN-46250/1150396_zpid/
435000,14355000,4,4,3871,90.00075,House for sale,8710 Crestfield Ct Fort Wayne IN 46835,https://www.zillow.com/homedetails/8710-Crestfield-Ct-Fort-Wayne-IN-46835/73205582_zpid/
240000,7920000,3,2,2112,49.104,House for sale,305 Maple St Greenwood IN 46142,https://www.zillow.com/homedetails/305-Maple-St-Greenwood-IN-46142/85438864_zpid/
125000,4125000,3,1,1238,28.7835,House for sale,1402 W Indiana Ave South Bend IN 46613,https://www.zillow.com/homedetails/1402-W-Indiana-Ave-South-Bend-IN-46613/77036872_zpid/
309900,10226700,3,3,1701,39.54825,House for sale,10871 Wood Ridge Ln Fishers IN 46038,https://www.zillow.com/homedetails/10871-Wood-Ridge-Ln-Fishers-IN-46038/73227312_zpid/
215000,7095000,3,2,1776,41.292,House for sale,8765 Hillside Pkwy Martinsville IN 46151,https://www.zillow.com/homedetails/8765-Hillside-Pkwy-Martinsville-IN-46151/85619009_zpid/
160000,5280000,4,4,2359,54.84675,Foreclosure,5027 N Lakeview Dr Bloomington IN 47404,https://www.zillow.com/homedetails/5027-N-Lakeview-Dr-Bloomington-IN-47404/94526382_zpid/
259900,8576700,4,3,2332,54.219,House for sale,11942 W Cassandra Ln Westville IN 46391,https://www.zillow.com/homedetails/11942-W-Cassandra-Ln-Westville-IN-46391/118707556_zpid/
575000,18975000,3,3,2720,63.24,House for sale,4264 W 250 S Kokomo IN 46902,https://www.zillow.com/homedetails/4264-W-250-S-Kokomo-IN-46902/94423790_zpid/
349900,11546700,4,3,3118,72.4935,House for sale,521 Pebble Dr Fortville IN 46040,https://www.zillow.com/homedetails/521-Pebble-Dr-Fortville-IN-46040/110861903_zpid/
275000,9075000,3,2,1883,43.77975,House for sale,117 Temple Newburgh IN 47630,https://www.zillow.com/homedetails/117-Temple-Newburgh-IN-47630/85750849_zpid/
289900,9566700,4,3,2232,51.894,House for sale,9125 E County Road 600 N Brownsburg IN 46112,https://www.zillow.com/homedetails/9125-E-County-Road-600-N-Brownsburg-IN-46112/85317494_zpid/
214900,7091700,3,2,1510,35.1075,House for sale,1915 N Windsor Ct Huntingburg IN 47542,https://www.zillow.com/homedetails/1915-N-Windsor-Ct-Huntingburg-IN-47542/85217195_zpid/
145000,4785000,3,2,1779,41.36175,House for sale,1370 E 225 S Shelbyville IN 46176,https://www.zillow.com/homedetails/1370-E-225-S-Shelbyville-IN-46176/85697261_zpid/
125000,4125000,3,2,1330,30.9225,House for sale,8156 Patton Dr Indianapolis IN 46226,https://www.zillow.com/homedetails/8156-Patton-Dr-Indianapolis-IN-46226/1139612_zpid/
209000,6897000,3,3,1722,40.0365,House for sale,10921 Cedar Pine Dr Indianapolis IN 46235,https://www.zillow.com/homedetails/10921-Cedar-Pine-Dr-Indianapolis-IN-46235/52492588_zpid/
199900,6596700,2,2,1436,33.387,House for sale,122 Walleye Ct Indianapolis IN 46227,https://www.zillow.com/homedetails/122-Walleye-Ct-Indianapolis-IN-46227/1190911_zpid/
350000,11550000,3,2,1992,46.314,House for sale,865 Burntwood Way Westfield IN 46074,https://www.zillow.com/homedetails/865-Burntwood-Way-Westfield-IN-46074/126779537_zpid/
215000,7095000,3,2,1491,34.66575,House for sale,150 Hugo St Indianapolis IN 46229,https://www.zillow.com/homedetails/150-Hugo-St-Indianapolis-IN-46229/2065514887_zpid/
437500,14437500,4,3,3914,91.0005,House for sale,7723 Highland Park Dr Brownsburg IN 46112,https://www.zillow.com/homedetails/7723-Highland-Park-Dr-Brownsburg-IN-46112/94414212_zpid/
349900,11546700,5,3,3236,75.237,House for sale,2594 Foxtail Dr Plainfield IN 46168,https://www.zillow.com/homedetails/2594-Foxtail-Dr-Plainfield-IN-46168/111818202_zpid/
98900,3263700,3,1,1064,24.738,House for sale,2922 Stanford Ave Fort Wayne IN 46808,https://www.zillow.com/homedetails/2922-Stanford-Ave-Fort-Wayne-IN-46808/73156521_zpid/
219900,7256700,3,2,1152,26.784,House for sale,220 S 1100 E Knox IN 46534,https://www.zillow.com/homedetails/220-S-1100-E-Knox-IN-46534/85717200_zpid/
92900,3065700,2,1,828,19.251,House for sale,2815 Nursery Ct South Bend IN 46615,https://www.zillow.com/homedetails/2815-Nursery-Ct-South-Bend-IN-46615/99220278_zpid/
299900,9896700,3,3,1984,46.128,House for sale,2634 Naples Dr Schererville IN 46375,https://www.zillow.com/homedetails/2634-Naples-Dr-Schererville-IN-46375/73305512_zpid/
140000,4620000,3,2,2612,60.729,House for sale,314 W 11th St Rochester IN 46975,https://www.zillow.com/homedetails/314-W-11th-St-Rochester-IN-46975/85263023_zpid/
150000,4950000,3,1,1365,31.73625,House for sale,1226 Catherwood Dr South Bend IN 46614,https://www.zillow.com/homedetails/1226-Catherwood-Dr-South-Bend-IN-46614/77049204_zpid/
325000,10725000,4,2,1728,40.176,House for sale,6007 N Bogardus Rd Austin IN 47102,https://www.zillow.com/homedetails/6007-N-Bogardus-Rd-Austin-IN-47102/231443101_zpid/
409900,13526700,3,3,2505,58.24125,New construction,4671 Abbeyville Dr Lafayette IN 47909,https://www.zillow.com/homedetails/4671-Abbeyville-Dr-Lafayette-IN-47909/336799547_zpid/
129900,4286700,3,2,1200,27.9,House for sale,1841 Riverside Dr Huntington IN 46750,https://www.zillow.com/homedetails/1841-Riverside-Dr-Huntington-IN-46750/85390792_zpid/
259900,8576700,3,1,1352,31.434,House for sale,18230 McGuire Ridge Rd Laurel IN 47024,https://www.zillow.com/homedetails/18230-McGuire-Ridge-Rd-Laurel-IN-47024/85258732_zpid/
350000,11550000,4,3,3520,81.84,House for sale,2430 Cedar Bend Dr Anderson IN 46011,https://www.zillow.com/homedetails/2430-Cedar-Bend-Dr-Anderson-IN-46011/2065521381_zpid/
180000,5940000,3,2,1400,32.55,House for sale,9498 N Carmel Ridge Rd Morgantown IN 46160,https://www.zillow.com/homedetails/9498-N-Carmel-Ridge-Rd-Morgantown-IN-46160/102844623_zpid/
240000,7920000,3,3,1741,40.47825,House for sale,2653 W 200 S Warsaw IN 46580,https://www.zillow.com/homedetails/2653-W-200-S-Warsaw-IN-46580/85494189_zpid/
60000,1980000,4,2,1755,40.80375,Foreclosure,401 Ramsey Ct Evansville IN 47712,https://www.zillow.com/homedetails/401-Ramsey-Ct-Evansville-IN-47712/85663528_zpid/
589000,19437000,4,4,4021,93.48825,House for sale,14536 Whisper Wind Dr Carmel IN 46032,https://www.zillow.com/homedetails/14536-Whisper-Wind-Dr-Carmel-IN-46032/73244339_zpid/
0,0,3,2,1844,42.873,House for sale,8600 Windsor Dr Newburgh IN 47630,https://www.zillow.com/homedetails/8600-Windsor-Dr-Newburgh-IN-47630/85752852_zpid/
224900,7421700,4,1,1382,32.1315,House for sale,928 Gary Dr Plainfield IN 46168,https://www.zillow.com/homedetails/928-Gary-Dr-Plainfield-IN-46168/85328599_zpid/
225000,7425000,3,1,2620,60.915,House for sale,971 N Delbrick Ln Indianapolis IN 46229,https://www.zillow.com/homedetails/971-N-Delbrick-Ln-Indianapolis-IN-46229/1225606_zpid/
299900,9896700,4,3,3768,87.606,House for sale,868 E Us Highway 36 Bainbridge IN 46105,https://www.zillow.com/homedetails/868-E-Us-Highway-36-Bainbridge-IN-46105/85674926_zpid/
215000,7095000,3,2,1536,35.712,House for sale,3293 E 100 S Anderson IN 46017,https://www.zillow.com/homedetails/3293-E-100-S-Anderson-IN-46017/115587126_zpid/
239900,7916700,3,2,1808,42.036,House for sale,502 E 2nd St Sheridan IN 46069,https://www.zillow.com/homedetails/502-E-2nd-St-Sheridan-IN-46069/94403536_zpid/
479900,15836700,4,3,3152,73.284,House for sale,3900 W 107th Pl Crown Point IN 46307,https://www.zillow.com/homedetails/3900-W-107th-Pl-Crown-Point-IN-46307/73383543_zpid/
165000,5445000,3,1,1008,23.436,House for sale,732 Saratoga Dr Jeffersonville IN 47130,https://www.zillow.com/homedetails/732-Saratoga-Dr-Jeffersonville-IN-47130/119428302_zpid/
342500,11302500,5,3,3129,72.74925,House for sale,787 W Mill St Danville IN 46122,https://www.zillow.com/homedetails/787-W-Mill-St-Danville-IN-46122/85322794_zpid/
229900,7586700,3,1,1780,41.385,House for sale,50627 Hollyhock Rd South Bend IN 46637,https://www.zillow.com/homedetails/50627-Hollyhock-Rd-South-Bend-IN-46637/77040862_zpid/
120000,3960000,3,1,1280,29.76,House for sale,2317 S Meade St South Bend IN 46614,https://www.zillow.com/homedetails/2317-S-Meade-St-South-Bend-IN-46614/77036451_zpid/
65000,2145000,3,1,1296,30.132,House for sale,316 W Williams St Fort Wayne IN 46802,https://www.zillow.com/homedetails/316-W-Williams-St-Fort-Wayne-IN-46802/73110286_zpid/
157900,5210700,3,1,2010,46.7325,Coming soon,4207 Arlington Ave Fort Wayne IN 46807,https://www.zillow.com/homedetails/4207-Arlington-Ave-Fort-Wayne-IN-46807/73120437_zpid/
119500,3943500,3,1,1314,30.5505,House for sale,5015 Bloomfield Pl South Bend IN 46619,https://www.zillow.com/homedetails/5015-Bloomfield-Pl-South-Bend-IN-46619/77025554_zpid/
199900,6596700,4,2,1382,32.1315,House for sale,8880 Brandy Rd W West Terre Haute IN 47885,https://www.zillow.com/homedetails/8880-Brandy-Rd-W-West-Terre-Haute-IN-47885/2065518926_zpid/
89900,2966700,3,2,1080,25.11,House for sale,3301 Covert Ave Evansville IN 47714,https://www.zillow.com/homedetails/3301-Covert-Ave-Evansville-IN-47714/97348557_zpid/
329900,10886700,2,1,2100,48.825,House for sale,4209 E Greensburg Rd Franklin IN 46131,https://www.zillow.com/homedetails/4209-E-Greensburg-Rd-Franklin-IN-46131/85466801_zpid/
265000,8745000,4,3,2054,47.7555,House for sale,823 Runnymede Dr Greenfield IN 46140,https://www.zillow.com/homedetails/823-Runnymede-Dr-Greenfield-IN-46140/85289439_zpid/
300000,9900000,3,2,1550,36.0375,House for sale,246 E Trett St Wheatfield IN 46392,https://www.zillow.com/homedetails/246-E-Trett-St-Wheatfield-IN-46392/102864321_zpid/
850000,28050000,4,4,4589,106.69425,House for sale,487 Stonebridge Pkwy Valparaiso IN 46383,https://www.zillow.com/homedetails/487-Stonebridge-Pkwy-Valparaiso-IN-46383/332997974_zpid/
350000,11550000,4,3,3440,79.98,House for sale,9103 Falcon Rdg Sellersburg IN 47172,https://www.zillow.com/homedetails/9103-Falcon-Rdg-Sellersburg-IN-47172/119463458_zpid/
250000,8250000,3,1,1768,41.106,House for sale,6135 Norwaldo Ave Indianapolis IN 46220,https://www.zillow.com/homedetails/6135-Norwaldo-Ave-Indianapolis-IN-46220/1247653_zpid/
399999,13199967,3,2,2380,55.335,House for sale,1740-1740 E 100 S Columbia City IN 46725,https://www.zillow.com/homedetails/1740-1740-E-100-S-Columbia-City-IN-46725/2065607353_zpid/
175000,5775000,3,1,1092,25.389,House for sale,2320 Locust St Portage IN 46368,https://www.zillow.com/homedetails/2320-Locust-St-Portage-IN-46368/81504068_zpid/
134999,4454967,2,2,1240,28.83,House for sale,3849 E Forest Lodge Loop Monticello IN 47960,https://www.zillow.com/homedetails/3849-E-Forest-Lodge-Loop-Monticello-IN-47960/85793287_zpid/
225000,7425000,3,2,1383,32.15475,House for sale,126 Thistlewood Dr Greenfield IN 46140,https://www.zillow.com/homedetails/126-Thistlewood-Dr-Greenfield-IN-46140/85284296_zpid/
209000,6897000,4,3,1964,45.663,House for sale,551 Rutledge St Gary IN 46404,https://www.zillow.com/homedetails/551-Rutledge-St-Gary-IN-46404/73333398_zpid/
210000,6930000,3,2,2160,50.22,House for sale,2325 S Pennsylvania St Indianapolis IN 46225,https://www.zillow.com/homedetails/2325-S-Pennsylvania-St-Indianapolis-IN-46225/1091231_zpid/
249000,8217000,2,3,1900,44.175,House for sale,8673 Meridian Square Dr Indianapolis IN 46240,https://www.zillow.com/homedetails/8673-Meridian-Square-Dr-Indianapolis-IN-46240/69392362_zpid/
415000,13695000,4,3,2780,64.635,House for sale,58300 Coldwater Dr Goshen IN 46528,https://www.zillow.com/homedetails/58300-Coldwater-Dr-Goshen-IN-46528/70491973_zpid/
333234,10996722,4,2,2208,51.336,House for sale,3234 S 575 E Whitestown IN 46075,https://www.zillow.com/homedetails/3234-S-575-E-Whitestown-IN-46075/85114269_zpid/
579900,19136700,5,5,4684,108.903,House for sale,374 Southwind Ln Greenwood IN 46142,https://www.zillow.com/homedetails/374-Southwind-Ln-Greenwood-IN-46142/204065217_zpid/
250000,8250000,4,4,4464,103.788,House for sale,124 E Rush St Kendallville IN 46755,https://www.zillow.com/homedetails/124-E-Rush-St-Kendallville-IN-46755/2069180067_zpid/
469000,15477000,3,3,4860,112.995,House for sale,6451 Pheasant Dr Indianapolis IN 46237,https://www.zillow.com/homedetails/6451-Pheasant-Dr-Indianapolis-IN-46237/1191398_zpid/
159900,5276700,3,2,2240,52.08,House for sale,1103 O St Bedford IN 47421,https://www.zillow.com/homedetails/1103-O-St-Bedford-IN-47421/85549024_zpid/
200000,6600000,3,2,1208,28.086,House for sale,7929 States Bend Dr Indianapolis IN 46239,https://www.zillow.com/homedetails/7929-States-Bend-Dr-Indianapolis-IN-46239/69388537_zpid/
247500,8167500,3,2,1706,39.6645,House for sale,8216 Nuckols Ln Indianapolis IN 46237,https://www.zillow.com/homedetails/8216-Nuckols-Ln-Indianapolis-IN-46237/1136259_zpid/
199900,6596700,3,2,1724,40.083,Home for sale,15 Lane 150e Hamilton Lk Hamilton IN 46742,https://www.zillow.com/homedetails/15-Lane-150e-Hamilton-Lk-Hamilton-IN-46742/2144622937_zpid/
280000,9240000,3,2,2036,47.337,House for sale,936 Dr Martin Luther King Jr St Indianapolis IN 46202,https://www.zillow.com/homedetails/936-Dr-Martin-Luther-King-Jr-St-Indianapolis-IN-46202/2076235084_zpid/
179900,5936700,3,2,1175,27.31875,House for sale,5110 Bassett Ave Evansville IN 47715,https://www.zillow.com/homedetails/5110-Bassett-Ave-Evansville-IN-47715/97345168_zpid/
325000,10725000,3,2,1745,40.57125,House for sale,6426 Hearthstone Dr Evansville IN 47715,https://www.zillow.com/homedetails/6426-Hearthstone-Dr-Evansville-IN-47715/77106776_zpid/
284900,9401700,4,2,2164,50.313,House for sale,843 Poplar Dr Sellersburg IN 47172,https://www.zillow.com/homedetails/843-Poplar-Dr-Sellersburg-IN-47172/119485161_zpid/
363000,11979000,4,3,4248,98.766,House for sale,6802 Harriet Dr Indianapolis IN 46237,https://www.zillow.com/homedetails/6802-Harriet-Dr-Indianapolis-IN-46237/59810989_zpid/
499900,16496700,5,3,3349,77.86425,House for sale,4225 E 200 N Princeton IN 47670,https://www.zillow.com/homedetails/4225-E-200-N-Princeton-IN-47670/224363701_zpid/
250000,8250000,3,2,1512,35.154,House for sale,1240 Yates Ln Avon IN 46123,https://www.zillow.com/homedetails/1240-Yates-Ln-Avon-IN-46123/85306530_zpid/
345000,11385000,3,3,2214,51.4755,House for sale,1343 Crabapple Rd Franklin IN 46131,https://www.zillow.com/homedetails/1343-Crabapple-Rd-Franklin-IN-46131/316595131_zpid/
430000,14190000,4,2,2400,55.8,House for sale,9578 S 375 E Brookston IN 47923,https://www.zillow.com/homedetails/9578-S-375-E-Brookston-IN-47923/85791694_zpid/
34900,1151700,2,1,720,16.74,Home for sale,1452 7th St SE Linton IN 47441,https://www.zillow.com/homedetails/1452-7th-St-SE-Linton-IN-47441/115576603_zpid/
259000,8547000,3,2,1680,39.06,House for sale,2810 Walnut Ln Hobart IN 46342,https://www.zillow.com/homedetails/2810-Walnut-Ln-Hobart-IN-46342/73371613_zpid/
230000,7590000,3,1,2402,55.8465,House for sale,3938 N Kenwood Ave Indianapolis IN 46208,https://www.zillow.com/homedetails/3938-N-Kenwood-Ave-Indianapolis-IN-46208/1246727_zpid/
165000,5445000,3,1,2466,57.3345,House for sale,2007 N Oxford St Indianapolis IN 46218,https://www.zillow.com/homedetails/2007-N-Oxford-St-Indianapolis-IN-46218/1098367_zpid/
119900,3956700,3,2,1680,39.06,House for sale,3609 River Bluff Rd Bedford IN 47421,https://www.zillow.com/homedetails/3609-River-Bluff-Rd-Bedford-IN-47421/85548894_zpid/
230000,7590000,3,2,1601,37.22325,House for sale,9712 Piper Lake Dr Indianapolis IN 46239,https://www.zillow.com/homedetails/9712-Piper-Lake-Dr-Indianapolis-IN-46239/59816143_zpid/
625000,20625000,3,2,1912,44.454,House for sale,575 Ln 205 Jimmerson Lk Angola IN 46703,https://www.zillow.com/homedetails/575-Ln-205-Jimmerson-Lk-Angola-IN-46703/94591107_zpid/
120000,3960000,2,1,1664,38.688,House for sale,59 S 25th Ave Beech Grove IN 46107,https://www.zillow.com/homedetails/59-S-25th-Ave-Beech-Grove-IN-46107/1175442_zpid/
155000,5115000,3,2,1394,32.4105,House for sale,1740 Olladale Dr Fort Wayne IN 46808,https://www.zillow.com/homedetails/1740-Olladale-Dr-Fort-Wayne-IN-46808/73158422_zpid/
