12074700,4,3,2001,46.52325,House for sale,9420 Harris Glen Dr Charlotte NC 28269,https://www.zillow.com/homedetails/9420-Harris-Glen-Dr-Charlotte-NC-28269/6142471_zpid/
9533700,3,2,1152,26.784,House for sale,6220 Saybrooke Dr Raleigh NC 27604,https://www.zillow.com/homedetails/6220-Saybrooke-Dr-Raleigh-NC-27604/50117271_zpid/
13526700,3,2,1702,39.5715,House for sale,605 Coley Farm Rd Fuquay Varina NC 27526,https://www.zillow.com/homedetails/605-Coley-Farm-Rd-Fuquay-Varina-NC-27526/6553748_zpid/
18641700,5,4,2972,69.099,House for sale,14915 Batteliere Dr Charlotte NC 28278,https://www.zillow.com/homedetails/14915-Batteliere-Dr-Charlotte-NC-28278/249020268_zpid/
14846700,4,3,2717,63.17025,House for sale,3571 Alister Ave SW Concord NC 28027,https://www.zillow.com/homedetails/3571-Alister-Ave-SW-Concord-NC-28027/108873613_zpid/
14351700,4,3,2241,52.10325,House for sale,2608 Brightmoor Ridge Dr Matthews NC 28105,https://www.zillow.com/homedetails/2608-Brightmoor-Ridge-Dr-Matthews-NC-28105/6324831_zpid/
15909300,3,4,2543,59.12475,House for sale,4078 Morris Burn Dr SW Concord NC 28027,https://www.zillow.com/homedetails/4078-Morris-Burn-Dr-SW-Concord-NC-28027/5656200_zpid/
12602700,4,3,2094,48.6855,House for sale,106 Winborne Dr Mooresville NC 28115,https://www.zillow.com/homedetails/106-Winborne-Dr-Mooresville-NC-28115/60255997_zpid/
8154300,3,2,1202,27.9465,House for sale,276 Epworth St NW Concord NC 28027,https://www.zillow.com/homedetails/276-Epworth-St-NW-Concord-NC-28027/89078688_zpid/
9236700,3,3,1839,42.75675,House for sale,203 Reid Ct S Jacksonville NC 28540,https://www.zillow.com/homedetails/203-Reid-Ct-S-Jacksonville-NC-28540/113195559_zpid/
6349200,5,3,3390,78.8175,Foreclosure,374 Jack Dale Rd Wallace NC 28466,https://www.zillow.com/homedetails/374-Jack-Dale-Rd-Wallace-NC-28466/102187541_zpid/
13200000,4,4,0,0.0,House for sale,3114 Stratford Ct High Point NC 27265,https://www.zillow.com/homedetails/3114-Stratford-Ct-High-Point-NC-27265/6039782_zpid/
6525750,3,2,0,0.0,House for sale,5400 Running Mead Rd Pleasant Garden NC 27313,https://www.zillow.com/homedetails/5400-Running-Mead-Rd-Pleasant-Garden-NC-27313/5990143_zpid/
9075000,4,3,0,0.0,House for sale,4620 Craver Woods Ct Winston Salem NC 27127,https://www.zillow.com/homedetails/4620-Craver-Woods-Ct-Winston-Salem-NC-27127/69557717_zpid/
6596700,3,2,0,0.0,House for sale,209 Foxcroft Dr Winston Salem NC 27103,https://www.zillow.com/homedetails/209-Foxcroft-Dr-Winston-Salem-NC-27103/5800094_zpid/
12045000,4,3,2131,49.54575,House for sale,1800 Deerberry Ct Aberdeen NC 28315,https://www.zillow.com/homedetails/1800-Deerberry-Ct-Aberdeen-NC-28315/337006932_zpid/
8250000,3,2,1610,37.4325,House for sale,6129 Woodbridge Rd Charlotte NC 28227,https://www.zillow.com/homedetails/6129-Woodbridge-Rd-Charlotte-NC-28227/6211305_zpid/
26367000,5,3,2888,67.146,House for sale,5207 Gwaltney Pl Charlotte NC 28277,https://www.zillow.com/homedetails/5207-Gwaltney-Pl-Charlotte-NC-28277/6328622_zpid/
15840000,4,4,2135,49.63875,New construction,750 Simon Rd Middlesex NC 27557,https://www.zillow.com/homedetails/750-Simon-Rd-Middlesex-NC-27557/2065589858_zpid/
11550000,4,1,2500,58.125,House for sale,3462 Old Linville Rd Marion NC 28752,https://www.zillow.com/homedetails/3462-Old-Linville-Rd-Marion-NC-28752/102145565_zpid/
25575000,4,4,2802,65.1465,House for sale,5 Middlebrook Rd Asheville NC 28805,https://www.zillow.com/homedetails/5-Middlebrook-Rd-Asheville-NC-28805/252391340_zpid/
6930000,4,2,3105,72.19125,House for sale,304 Goldsboro St E Wilson NC 27893,https://www.zillow.com/homedetails/304-Goldsboro-St-E-Wilson-NC-27893/218856423_zpid/
16467000,3,3,2892,67.239,House for sale,761 Seven Glens Dr Weaverville NC 28787,https://www.zillow.com/homedetails/761-Seven-Glens-Dr-Weaverville-NC-28787/107043049_zpid/
7095000,3,2,0,0.0,House for sale,203 Harmony Rd Murphy NC 28906,https://www.zillow.com/homedetails/203-Harmony-Rd-Murphy-NC-28906/2076019595_zpid/
11546700,3,3,1523,35.40975,House for sale,37 Shady Dr Canton NC 28716,https://www.zillow.com/homedetails/37-Shady-Dr-Canton-NC-28716/65625036_zpid/
11220000,3,2,1143,26.57475,House for sale,4127 Atmore St Charlotte NC 28205,https://www.zillow.com/homedetails/4127-Atmore-St-Charlotte-NC-28205/6192288_zpid/
7784700,3,3,0,0.0,House for sale,124 New York Dr Thomasville NC 27360,https://www.zillow.com/homedetails/124-New-York-Dr-Thomasville-NC-27360/121846569_zpid/
19767000,4,4,2995,69.63375,House for sale,185 Ridgefield Rd Boone NC 28607,https://www.zillow.com/homedetails/185-Ridgefield-Rd-Boone-NC-28607/102265903_zpid/
8250000,3,3,1680,39.06,House for sale,106 Biltmore Ave China Grove NC 28023,https://www.zillow.com/homedetails/106-Biltmore-Ave-China-Grove-NC-28023/75011643_zpid/
11880000,2,2,1016,23.622,House for sale,171 NE 33rd St Oak Island NC 28465,https://www.zillow.com/homedetails/171-NE-33rd-St-Oak-Island-NC-28465/78239131_zpid/
10527000,2,1,1026,23.8545,House for sale,3056 Pigeon Roost Rd Green Mountain NC 28740,https://www.zillow.com/homedetails/3056-Pigeon-Roost-Rd-Green-Mountain-NC-28740/115920372_zpid/
15675000,3,2,1952,45.384,House for sale,412 Autumn Chas Pittsboro NC 27312,https://www.zillow.com/homedetails/412-Autumn-Chas-Pittsboro-NC-27312/2065530969_zpid/
16170000,4,3,2491,57.91575,House for sale,4404 Deer Knoll Ct Raleigh NC 27603,https://www.zillow.com/homedetails/4404-Deer-Knoll-Ct-Raleigh-NC-27603/60396561_zpid/
23067000,3,2,1437,33.41025,House for sale,106 NE 50th St Oak Island NC 28465,https://www.zillow.com/homedetails/106-NE-50th-St-Oak-Island-NC-28465/246039333_zpid/
0,3,3,0,0.0,House for sale,7887 Pine Forest Dr #40 Oak Ridge NC 27310,https://www.zillow.com/homedetails/7887-Pine-Forest-Dr-40-Oak-Ridge-NC-27310/2065541447_zpid/
264000,2,1,1240,28.83,Foreclosure,190 Deer Trl Rich Square NC 27869,https://www.zillow.com/homedetails/190-Deer-Trl-Rich-Square-NC-27869/2065570823_zpid/
21450000,4,3,3223,74.93475,House for sale,8603 Dansington Ct Waxhaw NC 28173,https://www.zillow.com/homedetails/8603-Dansington-Ct-Waxhaw-NC-28173/61789014_zpid/
18150000,5,3,0,0.0,House for sale,125 Mountain Ridge Ct King NC 27021,https://www.zillow.com/homedetails/125-Mountain-Ridge-Ct-King-NC-27021/114857562_zpid/
8745000,3,2,1595,37.08375,House for sale,171 Highland Dr Lillington NC 27546,https://www.zillow.com/homedetails/171-Highland-Dr-Lillington-NC-27546/249524675_zpid/
7421700,2,2,1385,32.20125,House for sale,1606 Fawn Ct SW Ocean Isle Beach NC 28469,https://www.zillow.com/homedetails/1606-Fawn-Ct-SW-Ocean-Isle-Beach-NC-28469/78229157_zpid/
10230000,3,2,1755,40.80375,House for sale,115 Creech Place Dr Benson NC 27504,https://www.zillow.com/homedetails/115-Creech-Place-Dr-Benson-NC-27504/245939861_zpid/
15180000,3,3,2599,60.42675,House for sale,109 Harbor Cove Ln Mooresville NC 28117,https://www.zillow.com/homedetails/109-Harbor-Cove-Ln-Mooresville-NC-28117/6058265_zpid/
18975000,3,3,2292,53.289,House for sale,1413 Hawthorne Rd Wilmington NC 28403,https://www.zillow.com/homedetails/1413-Hawthorne-Rd-Wilmington-NC-28403/54314468_zpid/
10890000,3,3,1912,44.454,House for sale,1041 Sparta Rd North Wilkesboro NC 28659,https://www.zillow.com/homedetails/1041-Sparta-Rd-North-Wilkesboro-NC-28659/86686228_zpid/
7408500,4,4,1900,44.175,House for sale,25 Deerfield Ln Tabor City NC 28463,https://www.zillow.com/homedetails/25-Deerfield-Ln-Tabor-City-NC-28463/225684539_zpid/
17325000,3,3,2866,66.6345,House for sale,111 Friesan Way Rolesville NC 27571,https://www.zillow.com/homedetails/111-Friesan-Way-Rolesville-NC-27571/82671805_zpid/
7425000,3,2,1268,29.481,House for sale,112 Prospect Dr Jacksonville NC 28574,https://www.zillow.com/homedetails/112-Prospect-Dr-Jacksonville-NC-28574/245592106_zpid/
11550000,3,2,1166,27.1095,House for sale,14018 Kedleston Rd Huntersville NC 28078,https://www.zillow.com/homedetails/14018-Kedleston-Rd-Huntersville-NC-28078/6137253_zpid/
4125000,3,2,1372,31.899,Foreclosure,186 Twin Oaks Dr Nebo NC 28761,https://www.zillow.com/homedetails/186-Twin-Oaks-Dr-Nebo-NC-28761/102227832_zpid/
11550000,3,3,2078,48.3135,House for sale,15740 Fox Ln Wagram NC 28396,https://www.zillow.com/homedetails/15740-Fox-Ln-Wagram-NC-28396/93084612_zpid/
7091700,2,3,1698,39.4785,House for sale,186 Arbor Pl West Jefferson NC 28694,https://www.zillow.com/homedetails/186-Arbor-Pl-West-Jefferson-NC-28694/230022820_zpid/
4455000,3,2,1512,35.154,Foreclosure,100 Basswood Ct Jacksonville NC 28546,https://www.zillow.com/homedetails/100-Basswood-Ct-Jacksonville-NC-28546/51535622_zpid/
9900000,3,2,1303,30.29475,House for sale,2006 Summerdale Dr Raleigh NC 27604,https://www.zillow.com/homedetails/2006-Summerdale-Dr-Raleigh-NC-27604/6383540_zpid/
9900000,3,2,1117,25.97025,House for sale,6811 Old Greensboro Rd Chapel Hill NC 27516,https://www.zillow.com/homedetails/6811-Old-Greensboro-Rd-Chapel-Hill-NC-27516/50029318_zpid/
11546700,3,3,1940,45.105,House for sale,112 Cedar Run Pittsboro NC 27312,https://www.zillow.com/homedetails/112-Cedar-Run-Pittsboro-NC-27312/74951776_zpid/
4785000,3,2,0,0.0,House for sale,3047 Copenhagen Dr Fayetteville NC 28301,https://www.zillow.com/homedetails/3047-Copenhagen-Dr-Fayetteville-NC-28301/53675396_zpid/
11546700,2,2,1672,38.874,House for sale,10 Bear Trl Fairview NC 28730,https://www.zillow.com/homedetails/10-Bear-Trl-Fairview-NC-28730/68671724_zpid/
22766700,3,3,0,0.0,House for sale,4031 River Branch Ln Pfafftown NC 27040,https://www.zillow.com/homedetails/4031-River-Branch-Ln-Pfafftown-NC-27040/5811353_zpid/
11550000,4,3,1988,46.221,House for sale,361 Chestnut Knob Trl Blowing Rock NC 28605,https://www.zillow.com/homedetails/361-Chestnut-Knob-Trl-Blowing-Rock-NC-28605/102279914_zpid/
22737000,4,3,2671,62.10075,House for sale,6804 Finian Dr Wilmington NC 28409,https://www.zillow.com/homedetails/6804-Finian-Dr-Wilmington-NC-28409/54335702_zpid/
6765000,3,2,1375,31.96875,House for sale,117 Carolina Forest Dr Goldsboro NC 27534,https://www.zillow.com/homedetails/117-Carolina-Forest-Dr-Goldsboro-NC-27534/224151138_zpid/
16830000,4,3,3557,82.70025,House for sale,101 Solomon Rd Leicester NC 28748,https://www.zillow.com/homedetails/101-Solomon-Rd-Leicester-NC-28748/96352733_zpid/
4125000,3,2,1215,28.24875,House for sale,260 Blue Ridge Heights Rd West Jefferson NC 28694,https://www.zillow.com/homedetails/260-Blue-Ridge-Heights-Rd-West-Jefferson-NC-28694/230023581_zpid/
42900000,4,3,3835,89.16375,House for sale,3234 Mountainbrook Rd Charlotte NC 28210,https://www.zillow.com/homedetails/3234-Mountainbrook-Rd-Charlotte-NC-28210/6289932_zpid/
7425000,1,1,474,11.0205,House for sale,33 Dayton Rd Asheville NC 28804,https://www.zillow.com/homedetails/33-Dayton-Rd-Asheville-NC-28804/244970211_zpid/
13365000,3,3,1989,46.24425,House for sale,3656 Bruce Garner Rd Wake Forest NC 27587,https://www.zillow.com/homedetails/3656-Bruce-Garner-Rd-Wake-Forest-NC-27587/221783415_zpid/
10725000,3,2,1661,38.61825,House for sale,7308 Brittney Ln Kenly NC 27542,https://www.zillow.com/homedetails/7308-Brittney-Ln-Kenly-NC-27542/218834931_zpid/
6926700,3,2,0,0.0,House for sale,7331 Farmbrook Pl Thomasville NC 27360,https://www.zillow.com/homedetails/7331-Farmbrook-Pl-Thomasville-NC-27360/50091024_zpid/
9735000,3,2,1673,38.89725,House for sale,1325 Clancy Dr NE Leland NC 28451,https://www.zillow.com/homedetails/1325-Clancy-Dr-NE-Leland-NC-28451/94873851_zpid/
13860000,4,4,3279,76.23675,House for sale,3441 Rounding Bend Rd Winterville NC 28590,https://www.zillow.com/homedetails/3441-Rounding-Bend-Rd-Winterville-NC-28590/120834655_zpid/
6266700,4,2,0,0.0,House for sale,153 Blaze St Winston Salem NC 27105,https://www.zillow.com/homedetails/153-Blaze-St-Winston-Salem-NC-27105/5838441_zpid/
23100000,4,4,3281,76.28325,House for sale,2308 Hideaway Ct Raleigh NC 27613,https://www.zillow.com/homedetails/2308-Hideaway-Ct-Raleigh-NC-27613/6538535_zpid/
8662500,5,3,3000,69.75,Foreclosure,47782 State Highway 12 Buxton NC 27920,https://www.zillow.com/homedetails/47782-State-Highway-12-Buxton-NC-27920/86655612_zpid/
5775000,3,2,1184,27.528,House for sale,2192 Bell Arthur Rd Greenville NC 27834,https://www.zillow.com/homedetails/2192-Bell-Arthur-Rd-Greenville-NC-27834/51458112_zpid/
19140000,3,2,1736,40.362,House for sale,106 Dandelion Lane Banner Elk NC 28604,https://www.zillow.com/homedetails/106-Dandelion-Lane-Banner-Elk-NC-28604/2095517236_zpid/
7227000,3,2,0,0.0,House for sale,9941 E Us Highway 64 Thomasville NC 27360,https://www.zillow.com/homedetails/9941-E-Us-Highway-64-Thomasville-NC-27360/5712460_zpid/
19328100,6,3,2902,67.4715,House for sale,9020 Deerland Grove Dr Raleigh NC 27615,https://www.zillow.com/homedetails/9020-Deerland-Grove-Dr-Raleigh-NC-27615/6538421_zpid/
9867000,2,3,1287,29.92275,Townhouse for sale,116 Higher Learning Dr Durham NC 27713,https://www.zillow.com/homedetails/116-Higher-Learning-Dr-Durham-NC-27713/59712530_zpid/
18975000,4,3,3370,78.3525,House for sale,1224 Williamstown Rd Matthews NC 28105,https://www.zillow.com/homedetails/1224-Williamstown-Rd-Matthews-NC-28105/98343632_zpid/
5907000,3,1,1120,26.04,House for sale,1334 Richey Rd Taylorsville NC 28681,https://www.zillow.com/homedetails/1334-Richey-Rd-Taylorsville-NC-28681/115914214_zpid/
9570000,3,2,1440,33.48,House for sale,811 Arbor St NE Concord NC 28025,https://www.zillow.com/homedetails/811-Arbor-St-NE-Concord-NC-28025/5687569_zpid/
8877000,3,3,0,0.0,House for sale,4047 Windstream Ct Jamestown NC 27282,https://www.zillow.com/homedetails/4047-Windstream-Ct-Jamestown-NC-27282/55375205_zpid/
13167000,4,3,2070,48.1275,House for sale,4605 Spring Lee Ct Charlotte NC 28269,https://www.zillow.com/homedetails/4605-Spring-Lee-Ct-Charlotte-NC-28269/6142859_zpid/
18971700,4,3,0,0.0,House for sale,7530 Cedar Meadows Ln Kernersville NC 27284,https://www.zillow.com/homedetails/7530-Cedar-Meadows-Ln-Kernersville-NC-27284/69561832_zpid/
8415000,4,2,1231,28.62075,House for sale,601 Rheims Way Wilmington NC 28412,https://www.zillow.com/homedetails/601-Rheims-Way-Wilmington-NC-28412/2141161813_zpid/
23595000,4,3,3397,78.98025,House for sale,6228 Adcock Rd Holly Springs NC 27540,https://www.zillow.com/homedetails/6228-Adcock-Rd-Holly-Springs-NC-27540/305116491_zpid/
14833500,3,2,1658,38.5485,House for sale,161 NE 14th St Oak Island NC 28465,https://www.zillow.com/homedetails/161-NE-14th-St-Oak-Island-NC-28465/78239253_zpid/
7590000,3,2,2163,50.28975,House for sale,101 Mourning Dove Ln Goldsboro NC 27534,https://www.zillow.com/homedetails/101-Mourning-Dove-Ln-Goldsboro-NC-27534/224154083_zpid/
15675000,2,2,1299,30.20175,House for sale,130 Flat Top Mountain Rd Fairview NC 28730,https://www.zillow.com/homedetails/130-Flat-Top-Mountain-Rd-Fairview-NC-28730/5633537_zpid/
8250000,4,2,2459,57.17175,House for sale,1218 Marshallberg Rd Marshallberg NC 28553,https://www.zillow.com/homedetails/1218-Marshallberg-Rd-Marshallberg-NC-28553/102003848_zpid/
5940000,3,2,1917,44.57025,House for sale,787 Hedrick Dr Henderson NC 27537,https://www.zillow.com/homedetails/787-Hedrick-Dr-Henderson-NC-27537/114866119_zpid/
14186700,4,3,2669,62.05425,House for sale,128 Sculpin Ln Mount Holly NC 28120,https://www.zillow.com/homedetails/128-Sculpin-Ln-Mount-Holly-NC-28120/300735099_zpid/
8415000,4,2,1878,43.6635,House for sale,626 Benton St Monroe NC 28110,https://www.zillow.com/homedetails/626-Benton-St-Monroe-NC-28110/6369376_zpid/
11546700,4,4,3840,89.28,House for sale,498 Coxes Creek Rd Burnsville NC 28714,https://www.zillow.com/homedetails/498-Coxes-Creek-Rd-Burnsville-NC-28714/2065525552_zpid/
10857000,2,1,1196,27.807,House for sale,312 Wilson Ave Swannanoa NC 28778,https://www.zillow.com/homedetails/312-Wilson-Ave-Swannanoa-NC-28778/5634153_zpid/
6567000,3,2,0,0.0,House for sale,12 W Vineyard Rd Hayesville NC 28904,https://www.zillow.com/homedetails/12-W-Vineyard-Rd-Hayesville-NC-28904/127238632_zpid/
6600000,3,2,1691,39.31575,Home for sale,618 Virgels Mountain Rd Burnsville NC 28714,https://www.zillow.com/homedetails/618-Virgels-Mountain-Rd-Burnsville-NC-28714/107096801_zpid/
10725000,3,2,1680,39.06,House for sale,114 Holiday Hills Dr Wilmington NC 28409,https://www.zillow.com/homedetails/114-Holiday-Hills-Dr-Wilmington-NC-28409/54340421_zpid/
6369000,3,2,0,0.0,House for sale,7 Courtney Dr Thomasville NC 27360,https://www.zillow.com/homedetails/7-Courtney-Dr-Thomasville-NC-27360/53149958_zpid/
16467000,3,3,2234,51.9405,House for sale,7254 Albemarle Dr Denver NC 28037,https://www.zillow.com/homedetails/7254-Albemarle-Dr-Denver-NC-28037/249529471_zpid/
9401700,3,2,1260,29.295,Foreclosure,2825 Rosemeade Dr #144 Monroe NC 28110,https://www.zillow.com/homedetails/2825-Rosemeade-Dr-144-Monroe-NC-28110/2066468360_zpid/
13365000,3,3,2000,46.5,House for sale,1190 Folley Rd Elizabeth City NC 27909,https://www.zillow.com/homedetails/1190-Folley-Rd-Elizabeth-City-NC-27909/117562626_zpid/
14025000,4,2,1767,41.08275,House for sale,212 Woods Ream Dr Raleigh NC 27615,https://www.zillow.com/homedetails/212-Woods-Ream-Dr-Raleigh-NC-27615/6407531_zpid/
25905000,3,2,0,0.0,House for sale,438 Mountain Shore Dr Denton NC 27239,https://www.zillow.com/homedetails/438-Mountain-Shore-Dr-Denton-NC-27239/5720093_zpid/
23067000,3,4,3598,83.6535,House for sale,1475 Cedar Creek Rd Lake Lure NC 28746,https://www.zillow.com/homedetails/1475-Cedar-Creek-Rd-Lake-Lure-NC-28746/102227449_zpid/
10197000,3,2,1058,24.5985,House for sale,318 Clay St Belmont NC 28012,https://www.zillow.com/homedetails/318-Clay-St-Belmont-NC-28012/70500205_zpid/
2145000,3,1,0,0.0,House for sale,1914 E 3rd St Winston Salem NC 27101,https://www.zillow.com/homedetails/1914-E-3rd-St-Winston-Salem-NC-27101/249361150_zpid/
13167000,2,2,1279,29.73675,House for sale,2505 Nation Ave Durham NC 27707,https://www.zillow.com/homedetails/2505-Nation-Ave-Durham-NC-27707/49969653_zpid/
14685000,3,2,1909,44.38425,House for sale,12816 State Highway 50 N Willow Spring NC 27592,https://www.zillow.com/homedetails/12816-State-Highway-50-N-Willow-Spring-NC-27592/69115330_zpid/
13183500,4,3,2495,58.00875,House for sale,4712 Clear Stream Ct Charlotte NC 28269,https://www.zillow.com/homedetails/4712-Clear-Stream-Ct-Charlotte-NC-28269/6141772_zpid/
17985000,4,3,2707,62.93775,House for sale,1216 Gifford Dr Matthews NC 28105,https://www.zillow.com/homedetails/1216-Gifford-Dr-Matthews-NC-28105/6325788_zpid/
13827000,4,3,2696,62.682,House for sale,1004 Pelican Dr New Bern NC 28560,https://www.zillow.com/homedetails/1004-Pelican-Dr-New-Bern-NC-28560/78292520_zpid/
9735000,4,3,2120,49.29,House for sale,1415 Rondo Dr Greenville NC 27858,https://www.zillow.com/homedetails/1415-Rondo-Dr-Greenville-NC-27858/51437365_zpid/
8910000,5,2,3209,74.60925,House for sale,313 W Main St Benson NC 27504,https://www.zillow.com/homedetails/313-W-Main-St-Benson-NC-27504/69117482_zpid/
14850000,3,3,0,0.0,House for sale,5314 Montevista Dr Greensboro NC 27407,https://www.zillow.com/homedetails/5314-Montevista-Dr-Greensboro-NC-27407/6010029_zpid/
9075000,3,2,1105,25.69125,House for sale,506 Ridge Rd Marion NC 28752,https://www.zillow.com/homedetails/506-Ridge-Rd-Marion-NC-28752/102226693_zpid/
5940000,4,2,1770,41.1525,Foreclosure,3409 Longview Dr Burlington NC 27215,https://www.zillow.com/homedetails/3409-Longview-Dr-Burlington-NC-27215/51231219_zpid/
9896700,3,2,1169,27.17925,House for sale,75 Glenview Rd Arden NC 28704,https://www.zillow.com/homedetails/75-Glenview-Rd-Arden-NC-28704/295554518_zpid/
12837000,2,1,671,15.60075,House for sale,10364 Big Pine Rd Marshall NC 28753,https://www.zillow.com/homedetails/10364-Big-Pine-Rd-Marshall-NC-28753/248517994_zpid/
20757000,5,4,3015,70.09875,House for sale,2381 Redbud Tree Dr Apex NC 27539,https://www.zillow.com/homedetails/2381-Redbud-Tree-Dr-Apex-NC-27539/124441071_zpid/
11880000,3,2,1664,38.688,House for sale,252 Ber Creek Dr Fuquay Varina NC 27526,https://www.zillow.com/homedetails/252-Ber-Creek-Dr-Fuquay-Varina-NC-27526/68319365_zpid/
19800000,4,3,1655,38.47875,House for sale,100 Laurel Circle Dr Black Mountain NC 28711,https://www.zillow.com/homedetails/100-Laurel-Circle-Dr-Black-Mountain-NC-28711/5589698_zpid/
6154500,3,2,1868,43.431,Home for sale,255 Carrie Dr Salisbury NC 28147,https://www.zillow.com/homedetails/255-Carrie-Dr-Salisbury-NC-28147/75014066_zpid/
7095000,3,2,1344,31.248,House for sale,2853 Hope Church Rd Winston Salem NC 27127,https://www.zillow.com/homedetails/2853-Hope-Church-Rd-Winston-Salem-NC-27127/5795287_zpid/
18117000,4,5,3757,87.35025,House for sale,622 Lake Shore Dr Goldsboro NC 27534,https://www.zillow.com/homedetails/622-Lake-Shore-Dr-Goldsboro-NC-27534/224154289_zpid/
14850000,3,2,1040,24.18,House for sale,50078 Blackbeards Ct Frisco NC 27936,https://www.zillow.com/homedetails/50078-Blackbeards-Ct-Frisco-NC-27936/250038242_zpid/
15510000,4,3,2144,49.848,House for sale,1511 California Creek Rd Mars Hill NC 28754,https://www.zillow.com/homedetails/1511-California-Creek-Rd-Mars-Hill-NC-28754/107043072_zpid/
9203700,3,2,1454,33.8055,House for sale,4066 Ironstone Ct Leland NC 28451,https://www.zillow.com/homedetails/4066-Ironstone-Ct-Leland-NC-28451/2079087476_zpid/
12206700,3,3,2233,51.91725,House for sale,3 Calabash Dr Carolina Shores NC 28467,https://www.zillow.com/homedetails/3-Calabash-Dr-Carolina-Shores-NC-28467/78244744_zpid/
16500000,4,3,2444,56.823,House for sale,215 Thompson Ct Indian Trail NC 28079,https://www.zillow.com/homedetails/215-Thompson-Ct-Indian-Trail-NC-28079/61789188_zpid/
8246700,3,3,1648,38.316,House for sale,712 Maynard St Shelby NC 28152,https://www.zillow.com/homedetails/712-Maynard-St-Shelby-NC-28152/78274500_zpid/
10065000,2,3,1505,34.99125,Townhouse for sale,12533 Eudora Ln Charlotte NC 28277,https://www.zillow.com/homedetails/12533-Eudora-Ln-Charlotte-NC-28277/63814614_zpid/
14850000,4,3,2126,49.4295,House for sale,7 Greenbriar Rd Black Mountain NC 28711,https://www.zillow.com/homedetails/7-Greenbriar-Rd-Black-Mountain-NC-28711/5588179_zpid/
12866700,4,4,3846,89.4195,House for sale,112 Rockview Ln Morganton NC 28655,https://www.zillow.com/homedetails/112-Rockview-Ln-Morganton-NC-28655/227230254_zpid/
8085000,4,3,0,0.0,House for sale,5580 Angel Oaks Dr Winston Salem NC 27105,https://www.zillow.com/homedetails/5580-Angel-Oaks-Dr-Winston-Salem-NC-27105/5844788_zpid/
27555000,4,4,3326,77.3295,House for sale,409 Parkview Cres Chapel Hill NC 27516,https://www.zillow.com/homedetails/409-Parkview-Cres-Chapel-Hill-NC-27516/50031877_zpid/
4785000,3,2,1208,28.086,House for sale,1993 Rollinwood Dr Rocky Mount NC 27801,https://www.zillow.com/homedetails/1993-Rollinwood-Dr-Rocky-Mount-NC-27801/83181414_zpid/
14355000,4,4,2880,66.96,House for sale,2312 Wythe House Ct Charlotte NC 28270,https://www.zillow.com/homedetails/2312-Wythe-House-Ct-Charlotte-NC-28270/6303850_zpid/
16500000,4,3,1957,45.50025,House for sale,106 Amber Creek Cir Cary NC 27513,https://www.zillow.com/homedetails/106-Amber-Creek-Cir-Cary-NC-27513/6550494_zpid/
19796700,3,2,1637,38.06025,House for sale,274 Sea Shore Dr Sneads Ferry NC 28460,https://www.zillow.com/homedetails/274-Sea-Shore-Dr-Sneads-Ferry-NC-28460/51573962_zpid/
8085000,3,2,1216,28.272,House for sale,965 Braxton Dr Concord NC 28025,https://www.zillow.com/homedetails/965-Braxton-Dr-Concord-NC-28025/5664605_zpid/
11876700,4,3,2010,46.7325,House for sale,103 Wood Fox Ct Gastonia NC 28056,https://www.zillow.com/homedetails/103-Wood-Fox-Ct-Gastonia-NC-28056/5877795_zpid/
4290000,3,1,0,0.0,House for sale,2007 Ben Bolen Rd #D Creston NC 28615,https://www.zillow.com/homedetails/2007-Ben-Bolen-Rd-D-Creston-NC-28615/230018646_zpid/
17820000,4,3,2512,58.404,House for sale,995 Dickinson Dr Clyde NC 28721,https://www.zillow.com/homedetails/995-Dickinson-Dr-Clyde-NC-28721/65631146_zpid/
11550000,4,3,2808,65.286,Foreclosure,11101 Shandon Way Ln Charlotte NC 28262,https://www.zillow.com/homedetails/11101-Shandon-Way-Ln-Charlotte-NC-28262/6165849_zpid/
31350000,5,6,4677,108.74025,House for sale,3222 Rain Forrest Way Raleigh NC 27614,https://www.zillow.com/homedetails/3222-Rain-Forrest-Way-Raleigh-NC-27614/114329347_zpid/
12375000,3,2,1903,44.24475,House for sale,2947 Rawls Church Rd Fuquay Varina NC 27526,https://www.zillow.com/homedetails/2947-Rawls-Church-Rd-Fuquay-Varina-NC-27526/71863518_zpid/
14157000,2,2,1297,30.15525,House for sale,8 Gentry Hill Ln Laurel Springs NC 28644,https://www.zillow.com/homedetails/8-Gentry-Hill-Ln-Laurel-Springs-NC-28644/233611908_zpid/
23096700,3,2,2256,52.452,House for sale,136 Gravely Branch Rd Fletcher NC 28732,https://www.zillow.com/homedetails/136-Gravely-Branch-Rd-Fletcher-NC-28732/2065525493_zpid/
19437000,5,4,3882,90.2565,House for sale,13139 Purple Dawn Dr Charlotte NC 28213,https://www.zillow.com/homedetails/13139-Purple-Dawn-Dr-Charlotte-NC-28213/65037077_zpid/
17325000,3,3,3845,89.39625,House for sale,94 Smoky Ln Waynesville NC 28786,https://www.zillow.com/homedetails/94-Smoky-Ln-Waynesville-NC-28786/65607379_zpid/
8976000,3,2,1258,29.2485,House for sale,934 S Chestnut St Gastonia NC 28054,https://www.zillow.com/homedetails/934-S-Chestnut-St-Gastonia-NC-28054/5852933_zpid/
5808000,3,2,1579,36.71175,House for sale,2552 Us Highway 64 Morganton NC 28655,https://www.zillow.com/homedetails/2552-Us-Highway-64-Morganton-NC-28655/227243588_zpid/
18117000,4,3,2883,67.02974999999999,House for sale,915 Waterview Ln Monroe NC 28110,https://www.zillow.com/homedetails/915-Waterview-Ln-Monroe-NC-28110/6363978_zpid/
12375000,3,3,1762,40.9665,House for sale,7601 Silverton Way Huntersville NC 28078,https://www.zillow.com/homedetails/7601-Silverton-Way-Huntersville-NC-28078/51527097_zpid/
13031700,2,2,1386,32.2245,House for sale,136 Destination Dr #28 Waynesville NC 28786,https://www.zillow.com/homedetails/136-Destination-Dr-28-Waynesville-NC-28786/2065605600_zpid/
11546700,3,3,2397,55.73025,House for sale,145 Deep Creek Point Rougemont NC 27572,https://www.zillow.com/homedetails/145-Deep-Creek-Point-Rougemont-NC-27572/111337544_zpid/
4616700,4,2,0,0.0,Home for sale,159 Beth Dr Lumberton NC 28358,https://www.zillow.com/homedetails/159-Beth-Dr-Lumberton-NC-28358/240135112_zpid/
9867000,3,2,1780,41.385,House for sale,229 Beason St Shelby NC 28152,https://www.zillow.com/homedetails/229-Beason-St-Shelby-NC-28152/93001756_zpid/
20295000,4,3,2674,62.1705,House for sale,1121 Crested Jay Dr Durham NC 27707,https://www.zillow.com/homedetails/1121-Crested-Jay-Dr-Durham-NC-27707/331466110_zpid/
6590100,3,2,0,0.0,House for sale,729 Sunny Crest Dr Fayetteville NC 28314,https://www.zillow.com/homedetails/729-Sunny-Crest-Dr-Fayetteville-NC-28314/53700419_zpid/
12705000,3,3,2262,52.5915,House for sale,812 Woodgreen Dr Durham NC 27704,https://www.zillow.com/homedetails/812-Woodgreen-Dr-Durham-NC-27704/70592973_zpid/
16160100,3,2,2424,56.358,House for sale,266 Hinson Thomas Rd Spruce Pine NC 28777,https://www.zillow.com/homedetails/266-Hinson-Thomas-Rd-Spruce-Pine-NC-28777/114815279_zpid/
8246700,4,3,0,0.0,House for sale,454 Winchester Dr King NC 27021,https://www.zillow.com/homedetails/454-Winchester-Dr-King-NC-27021/331287052_zpid/
13860000,3,3,1689,39.26925,House for sale,26 Hyde Park Pl Arden NC 28704,https://www.zillow.com/homedetails/26-Hyde-Park-Pl-Arden-NC-28704/125452584_zpid/
8085000,4,2,1889,43.91925,House for sale,625 Tina Dr Shelby NC 28152,https://www.zillow.com/homedetails/625-Tina-Dr-Shelby-NC-28152/78271737_zpid/
7630425,2,2,1200,27.9,New construction,Gallatin Plan Asheville,https://www.zillow.com/community/asheville/2090709067_zpid/
16420800,3,4,1859,43.22175,New construction,303 Rowland Ct Beaufort NC 28516,https://www.zillow.com/homedetails/303-Rowland-Ct-Beaufort-NC-28516/208175349_zpid/
24750000,3,3,2463,57.26475,House for sale,25 W Haven Dr Arden NC 28704,https://www.zillow.com/homedetails/25-W-Haven-Dr-Arden-NC-28704/244967454_zpid/
23096700,3,3,3468,80.631,House for sale,377 Ridge Ln Murphy NC 28906,https://www.zillow.com/homedetails/377-Ridge-Ln-Murphy-NC-28906/106957183_zpid/
14186700,4,3,2591,60.24075,Coming soon,15 S Orchard Dr Clayton NC 27527,https://www.zillow.com/homedetails/15-S-Orchard-Dr-Clayton-NC-27527/125247190_zpid/
22407000,3,3,2440,56.73,House for sale,206 Legend Dr Mill Spring NC 28756,https://www.zillow.com/homedetails/206-Legend-Dr-Mill-Spring-NC-28756/99389346_zpid/
17325000,3,2,1920,44.64,House for sale,116 S Dogwood Trl Southern Shores NC 27949,https://www.zillow.com/homedetails/116-S-Dogwood-Trl-Southern-Shores-NC-27949/86660197_zpid/
4785000,3,2,1292,30.039,House for sale,305 Sunset St NW Lenoir NC 28645,https://www.zillow.com/homedetails/305-Sunset-St-NW-Lenoir-NC-28645/70083463_zpid/
16500000,5,5,4351,101.16075,House for sale,3600 Country Club Dr Gastonia NC 28056,https://www.zillow.com/homedetails/3600-Country-Club-Dr-Gastonia-NC-28056/5874689_zpid/
9896700,3,2,1402,32.5965,House for sale,708 Thompson Rd Garner NC 27529,https://www.zillow.com/homedetails/708-Thompson-Rd-Garner-NC-27529/6375730_zpid/
8910000,2,1,1008,23.436,House for sale,1434 Little Creek Rd Hendersonville NC 28792,https://www.zillow.com/homedetails/1434-Little-Creek-Rd-Hendersonville-NC-28792/51665594_zpid/
32175000,4,6,3130,72.7725,House for sale,25019 Wimble Shrs Waves NC 27982,https://www.zillow.com/homedetails/25019-Wimble-Shrs-Waves-NC-27982/2065540169_zpid/
23100000,4,3,2134,49.6155,House for sale,3213 Selwyn Farms Ln Charlotte NC 28209,https://www.zillow.com/homedetails/3213-Selwyn-Farms-Ln-Charlotte-NC-28209/6242120_zpid/
11550000,4,2,2175,50.56875,House for sale,5805 Hyatt Ln Wilmington NC 28411,https://www.zillow.com/homedetails/5805-Hyatt-Ln-Wilmington-NC-28411/54285958_zpid/
