669300,22086900,6,4,3172,73.749,House for sale,3775 Balderas St Brighton CO 80601,https://www.zillow.com/homedetails/3775-Balderas-St-Brighton-CO-80601/68567729_zpid/
549900,18146700,3,3,1941,45.12825,House for sale,1159 S Alton Ct Denver CO 80247,https://www.zillow.com/homedetails/1159-S-Alton-Ct-Denver-CO-80247/13046716_zpid/
541900,17882700,6,5,3421,79.53825,House for sale,2620 Tuckerman Ct Colorado Springs CO 80918,https://www.zillow.com/homedetails/2620-Tuckerman-Ct-Colorado-Springs-CO-80918/13577782_zpid/
422900,13955700,3,2,2204,51.243,House for sale,2221 Glenwood Cir Colorado Springs CO 80909,https://www.zillow.com/homedetails/2221-Glenwood-Cir-Colorado-Springs-CO-80909/13600521_zpid/
419900,13856700,2,2,1938,45.0585,Townhouse for sale,2685 S Dayton Way APT 333 Denver CO 80231,https://www.zillow.com/homedetails/2685-S-Dayton-Way-APT-333-Denver-CO-80231/13419673_zpid/
308900,10193700,2,2,913,21.22725,Townhouse for sale,14207 E Grand Dr UNIT 77 Aurora CO 80015,https://www.zillow.com/homedetails/14207-E-Grand-Dr-UNIT-77-Aurora-CO-80015/13104685_zpid/
479900,15836700,3,3,2208,51.336,House for sale,902 Pasque Dr Longmont CO 80504,https://www.zillow.com/homedetails/902-Pasque-Dr-Longmont-CO-80504/13218889_zpid/
469900,15506700,3,2,1168,27.156,House for sale,1536 S Norfolk St Aurora CO 80017,https://www.zillow.com/homedetails/1536-S-Norfolk-St-Aurora-CO-80017/13072206_zpid/
395900,13064700,3,3,1436,33.387,Townhouse for sale,5433 Marco Aly Colorado Springs CO 80924,https://www.zillow.com/homedetails/5433-Marco-Aly-Colorado-Springs-CO-80924/70599894_zpid/
180000,5940000,3,2,1556,36.177,Home for sale,4599 Pine Hill Dr Loveland CO 80537,https://www.zillow.com/homedetails/4599-Pine-Hill-Dr-Loveland-CO-80537/191144745_zpid/
480000,15840000,3,3,1716,39.897,Townhouse for sale,2600 S Oakhurst Ct APT 5 Glenwood Springs CO 81601,https://www.zillow.com/homedetails/2600-S-Oakhurst-Ct-APT-5-Glenwood-Springs-CO-81601/2089154676_zpid/
475000,15675000,3,2,1704,39.618,House for sale,2604 Lake Dr Loveland CO 80538,https://www.zillow.com/homedetails/2604-Lake-Dr-Loveland-CO-80538/13883774_zpid/
279900,9236700,3,2,1389,32.29425,House for sale,2317 De Soto Rd Pueblo CO 81003,https://www.zillow.com/homedetails/2317-De-Soto-Rd-Pueblo-CO-81003/14014346_zpid/
180000,5940000,3,2,2672,62.124,House for sale,3263 Avondale Blvd Avondale CO 81022,https://www.zillow.com/homedetails/3263-Avondale-Blvd-Avondale-CO-81022/14044951_zpid/
400000,13200000,4,3,2146,49.8945,House for sale,12504 E Alaska Avenue Aurora CO 80012,https://www.zillow.com/homedetails/12504-E-Alaska-Ave-Aurora-CO-80012/13041446_zpid/
425000,14025000,4,3,2332,54.219,House for sale,801 E Hayden Dr Pueblo CO 81007,https://www.zillow.com/homedetails/801-E-Hayden-Dr-Pueblo-CO-81007/14050251_zpid/
305000,10065000,3,3,1536,35.712,Townhouse for sale,1232 W 88th Avenue Thornton CO 80260,https://www.zillow.com/homedetails/1232-W-88th-Ave-Thornton-CO-80260/12990208_zpid/
349950,11548350,3,3,2240,52.08,House for sale,96 Amherst Ave Pueblo CO 81005,https://www.zillow.com/homedetails/96-Amherst-Ave-Pueblo-CO-81005/14033360_zpid/
389250,12845250,4,3,2240,52.08,House for sale,1004 Wynkoop Dr Colorado Springs CO 80909,https://www.zillow.com/homedetails/1004-Wynkoop-Dr-Colorado-Springs-CO-80909/13611137_zpid/
710000,23430000,3,2,2290,53.2425,House for sale,194 Groover Drive Lyons CO 80540,https://www.zillow.com/homedetails/194-Groover-Dr-Lyons-CO-80540/13209888_zpid/
750000,24750000,4,4,3624,84.258,House for sale,1886 Belgian Trl Elizabeth CO 80107,https://www.zillow.com/homedetails/1886-Belgian-Trl-Elizabeth-CO-80107/13528138_zpid/
395000,13035000,4,3,1904,44.268,House for sale,602 Ronlin Dr Grand Junction CO 81504,https://www.zillow.com/homedetails/602-Ronlin-Dr-Grand-Junction-CO-81504/13949407_zpid/
599900,19796700,4,3,2968,69.006,House for sale,13471 Clermont Street Thornton CO 80241,https://www.zillow.com/homedetails/13471-Clermont-St-Thornton-CO-80241/12946515_zpid/
425000,14025000,5,3,2567,59.68275,House for sale,5538 Yost Court Denver CO 80239,https://www.zillow.com/homedetails/5538-Yost-Ct-Denver-CO-80239/13277327_zpid/
299000,9867000,3,1,2520,58.59,House for sale,7131 Wolff Street Westminster CO 80030,https://www.zillow.com/homedetails/7131-Wolff-St-Westminster-CO-80030/13024396_zpid/
400000,13200000,4,2,1700,39.525,House for sale,203 Northglenn Drive Northglenn CO 80233,https://www.zillow.com/homedetails/203-Northglenn-Dr-Northglenn-CO-80233/12968874_zpid/
550000,18150000,5,4,3866,89.8845,House for sale,3624 Saguaro Cir Colorado Springs CO 80925,https://www.zillow.com/homedetails/3624-Saguaro-Cir-Colorado-Springs-CO-80925/181556751_zpid/
1400000,46200000,4,4,4842,112.5765,House for sale,9055 Eagle Cliff Road Conifer CO 80433,https://www.zillow.com/homedetails/9055-Eagle-Cliff-Rd-Conifer-CO-80433/13839064_zpid/
575000,18975000,4,4,2503,58.19475,House for sale,387 Oak Lane Broomfield CO 80020,https://www.zillow.com/homedetails/387-Oak-Ln-Broomfield-CO-80020/60239667_zpid/
150000,4950000,2,2,1140,26.505,House for sale,4557 Joydance Ct Fort Collins CO 80524,https://www.zillow.com/homedetails/4557-Joydance-Ct-Fort-Collins-CO-80524/59365078_zpid/
725000,23925000,5,5,4037,93.86025,House for sale,12513 Rockbridge Cir Colorado Springs CO 80921,https://www.zillow.com/homedetails/12513-Rockbridge-Cir-Colorado-Springs-CO-80921/13558417_zpid/
1300000,42900000,4,4,3244,75.423,House for sale,4401 Malibu Dr Berthoud CO 80513,https://www.zillow.com/homedetails/4401-Malibu-Dr-Berthoud-CO-80513/72559940_zpid/
519000,17127000,2,1,910,21.1575,House for sale,1935 S Utica Street Denver CO 80219,https://www.zillow.com/homedetails/1935-S-Utica-St-Denver-CO-80219/13382130_zpid/
435000,14355000,2,1,788,18.321,House for sale,6240 Allison Street Arvada CO 80004,https://www.zillow.com/homedetails/6240-Allison-St-Arvada-CO-80004/13727126_zpid/
765000,25245000,4,3,3067,71.30775,House for sale,31517 Niakwa Road Evergreen CO 80439,https://www.zillow.com/homedetails/31517-Niakwa-Rd-Evergreen-CO-80439/13804668_zpid/
535000,17655000,4,4,2859,66.47175,House for sale,3566 E 141st Place Thornton CO 80602,https://www.zillow.com/homedetails/3566-E-141st-Pl-Thornton-CO-80602/88907155_zpid/
350000,11550000,2,2,1304,30.318,Townhouse for sale,11867 E Kepner Drive Aurora CO 80012,https://www.zillow.com/homedetails/11867-E-Kepner-Dr-Aurora-CO-80012/13044234_zpid/
320000,10560000,2,2,1000,23.25,Townhouse for sale,9622 W Chatfield Avenue  Unit E Littleton CO 80128,https://www.zillow.com/homedetails/9622-W-Chatfield-Ave-Littleton-CO-80128/13834242_zpid/
735000,24255000,5,4,3548,82.491,House for sale,6474 S Parfet Street Littleton CO 80127,https://www.zillow.com/homedetails/6474-S-Parfet-St-Littleton-CO-80127/13818909_zpid/
349900,11546700,3,2,1368,31.806,House for sale,1920 E Kiowa St Colorado Springs CO 80909,https://www.zillow.com/homedetails/1920-E-Kiowa-St-Colorado-Springs-CO-80909/13616011_zpid/
175000,5775000,2,4,1463,34.01475,House for sale,512 Main St Walsenburg CO 81089,https://www.zillow.com/homedetails/512-Main-St-Walsenburg-CO-81089/194182173_zpid/
499900,16496700,4,3,1890,43.9425,Home for sale,16580 Sagecreek Rd Peyton CO 80831,https://www.zillow.com/homedetails/16580-Sagecreek-Rd-Peyton-CO-80831/13532877_zpid/
600000,19800000,3,2,2340,54.405,House for sale,2541 Moonridge Dr Grand Junction CO 81505,https://www.zillow.com/homedetails/2541-Moonridge-Dr-Grand-Junction-CO-81505/13964536_zpid/
215000,7095000,3,1,1766,41.0595,House for sale,25427 State Highway 69 Walsenburg CO 81089,https://www.zillow.com/homedetails/25427-State-Highway-69-Walsenburg-CO-81089/316871095_zpid/
374900,12371700,4,2,2740,63.705,House for sale,3549 County Road 650 Rye CO 81069,https://www.zillow.com/homedetails/3549-County-Road-650-Rye-CO-81069/269254251_zpid/
480000,15840000,4,2,2075,48.24375,House for sale,8200 Ralph Lane Denver CO 80221,https://www.zillow.com/homedetails/8200-Ralph-Ln-Denver-CO-80221/12991527_zpid/
567000,18711000,4,3,1928,44.826,House for sale,385 Ellendale Street Castle Rock CO 80104,https://www.zillow.com/homedetails/385-Ellendale-St-Castle-Rock-CO-80104/67453029_zpid/
475000,15675000,4,4,2068,48.081,Townhouse for sale,7210 E Bentley Circle Centennial CO 80112,https://www.zillow.com/homedetails/7210-E-Bentley-Cir-Centennial-CO-80112/13134858_zpid/
850000,28050000,5,4,3732,86.769,House for sale,5405 N Lariat Drive Castle Rock CO 80108,https://www.zillow.com/homedetails/5405-Lariat-Dr-Castle-Rock-CO-80108/13483394_zpid/
450000,14850000,5,3,2668,62.031,House for sale,322 W Cottonwood St Milliken CO 80543,https://www.zillow.com/homedetails/322-W-Cottonwood-St-Milliken-CO-80543/68053982_zpid/
359000,11847000,3,1,1,0.02325,House for sale,0 Douglas Pass Rd Parachute CO 81635,https://www.zillow.com/homedetails/0-Douglas-Pass-Rd-Parachute-CO-81635/2066597997_zpid/
750000,24750000,5,3,2944,68.448,House for sale,79 Hunter Ct Durango CO 81301,https://www.zillow.com/homedetails/79-Hunter-Ct-Durango-CO-81301/69050452_zpid/
700000,23100000,4,4,2786,64.7745,House for sale,4939 S Alkire Street Morrison CO 80465,https://www.zillow.com/homedetails/4939-S-Alkire-St-Morrison-CO-80465/13808345_zpid/
888000,29304000,4,3,1750,40.6875,House for sale,45 Lupine Ln Leadville CO 80461,https://www.zillow.com/homedetails/45-Lupine-Ln-Leadville-CO-80461/89847202_zpid/
650000,21450000,3,2,1544,35.898,House for sale,18636 County Road 3 Berthoud CO 80513,https://www.zillow.com/homedetails/18636-County-Road-3-Berthoud-CO-80513/147506383_zpid/
1160000,38280000,4,4,2765,64.28625,House for sale,1059 Gcr #6236N Granby CO 80446,https://www.zillow.com/homedetails/1059-Gcr-6236N-Granby-CO-80446/232075641_zpid/
109500,3613500,3,2,1848,42.966,Home for sale,2550 W 96th Avenue  Lot 421 Federal Heights CO 80260,https://www.zillow.com/homedetails/2550-W-96th-Ave-LOT-421-Federal-Heights-CO-80260/123455201_zpid/
775000,25575000,4,3,3656,85.002,House for sale,6868 Hillridge Place Parker CO 80134,https://www.zillow.com/homedetails/6868-Hillridge-Pl-Parker-CO-80134/13479390_zpid/
575000,18975000,5,3,2850,66.2625,House for sale,1922 Sunlight Drive Longmont CO 80504,https://www.zillow.com/homedetails/1922-Sunlight-Dr-Longmont-CO-80504/13238900_zpid/
379900,12536700,3,2,1398,32.5035,House for sale,3324 Meadows Pkwy Montrose CO 81401,https://www.zillow.com/homedetails/3324-Meadows-Pkwy-Montrose-CO-81401/111200743_zpid/
450000,14850000,4,3,2597,60.38025,House for sale,4394 Suncreek Dr Loveland CO 80538,https://www.zillow.com/homedetails/4394-Suncreek-Dr-Loveland-CO-80538/13899034_zpid/
236000,7788000,4,2,2200,51.15,House for sale,330 Prospect St Fort Morgan CO 80701,https://www.zillow.com/homedetails/330-Prospect-St-Fort-Morgan-CO-80701/194092291_zpid/
570000,18810000,3,2,1391,32.34075,House for sale,864 W Shepperd Avenue Littleton CO 80120,https://www.zillow.com/homedetails/864-W-Shepperd-Ave-Littleton-CO-80120/13152278_zpid/
498000,16434000,3,2,1327,30.85275,House for sale,7736 Elmwood Street Littleton CO 80125,https://www.zillow.com/homedetails/7736-Elmwood-St-Littleton-CO-80125/13487206_zpid/
835500,27571500,5,4,3848,89.466,House for sale,8355 Lightening View Drive Parker CO 80134,https://www.zillow.com/homedetails/8355-Lightening-View-Dr-Parker-CO-80134/13479779_zpid/
949000,31317000,2,2,1261,29.31825,House for sale,231 Kimmes Ln Breckenridge CO 80424,https://www.zillow.com/homedetails/231-Kimmes-Ln-Breckenridge-CO-80424/194069054_zpid/
600000,19800000,5,4,3204,74.493,House for sale,18335 E Amherst Drive Aurora CO 80013,https://www.zillow.com/homedetails/18335-E-Amherst-Dr-Aurora-CO-80013/13086358_zpid/
669900,22106700,5,3,2056,47.802,House for sale,11600 W 73rd Avenue Arvada CO 80005,https://www.zillow.com/homedetails/11600-W-73rd-Ave-Arvada-CO-80005/13699830_zpid/
779000,25707000,4,3,1884,43.803,House for sale,418 Gcr #4571 Grand Lake CO 80447,https://www.zillow.com/homedetails/418-Gcr-4571-Grand-Lake-CO-80447/232073489_zpid/
549900,18146700,5,4,3564,82.863,House for sale,10467 Vaughn Street Commerce City CO 80022,https://www.zillow.com/homedetails/10467-Vaughn-St-Commerce-City-CO-80022/58649300_zpid/
724875,23920875,5,3,3046,70.8195,House for sale,3310 S Holly Place Denver CO 80222,https://www.zillow.com/homedetails/3310-S-Holly-Pl-Denver-CO-80222/13416501_zpid/
575000,18975000,4,3,1996,46.407,House for sale,16631 E Navarro Drive Aurora CO 80013,https://www.zillow.com/homedetails/16631-E-Navarro-Dr-Aurora-CO-80013/13099731_zpid/
615000,20295000,4,3,2534,58.9155,House for sale,5933 Urban Court Arvada CO 80004,https://www.zillow.com/homedetails/5933-Urban-Ct-Arvada-CO-80004/13723512_zpid/
550000,18150000,4,3,2720,63.24,House for sale,10824 W Dorado Avenue Littleton CO 80127,https://www.zillow.com/homedetails/10824-W-Dorado-Ave-Littleton-CO-80127/13814677_zpid/
470000,15510000,3,2,1680,39.06,House for sale,426 Starlight Road Thornton CO 80260,https://www.zillow.com/homedetails/426-Starlight-Rd-Thornton-CO-80260/12989356_zpid/
599000,19767000,4,4,3987,92.69775,House for sale,10937 Macon Street Commerce City CO 80640,https://www.zillow.com/homedetails/10937-Macon-St-Henderson-CO-80640/68573141_zpid/
634900,20951700,4,2,1928,44.826,House for sale,1131 6400th Rd Montrose CO 81403,https://www.zillow.com/homedetails/1131-6400th-Rd-Montrose-CO-81403/111198601_zpid/
269000,8877000,1,1,340,7.905,New construction,Long Gulch Rd Crawford CO 81415,https://www.zillow.com/homedetails/Long-Gulch-Rd-Crawford-CO-81415/225424731_zpid/
499900,16496700,3,2,1188,27.621,House for sale,2401 Estes Street Lakewood CO 80215,https://www.zillow.com/homedetails/2401-Estes-St-Lakewood-CO-80215/13746504_zpid/
350000,11550000,4,2,1514,35.2005,House for sale,1624 21st Ave Greeley CO 80631,https://www.zillow.com/homedetails/1624-21st-Ave-Greeley-CO-80631/14073287_zpid/
1250000,41250000,6,5,6159,143.19675,House for sale,17825 Sunburst Dr Monument CO 80132,https://www.zillow.com/homedetails/17825-Sunburst-Dr-Monument-CO-80132/80394757_zpid/
499000,16467000,2,3,1796,41.757,House for sale,14030 County Road 185 Salida CO 81201,https://www.zillow.com/homedetails/14030-County-Road-185-Salida-CO-81201/123596036_zpid/
339000,11187000,3,2,1539,35.78175,House for sale,13197 County Road 15 Del Norte CO 81132,https://www.zillow.com/homedetails/13197-County-Road-15-Del-Norte-CO-81132/115560611_zpid/
385000,12705000,3,1,1288,29.946,House for sale,10519-52 1/2 Rd Mesa CO 81643,https://www.zillow.com/homedetails/10519-52-1-2-Rd-Mesa-CO-81643/203030902_zpid/
365000,12045000,3,2,1316,30.597,House for sale,255 Sargent Cir Fruita CO 81521,https://www.zillow.com/homedetails/255-Sargent-Cir-Fruita-CO-81521/68063020_zpid/
600000,19800000,4,4,2886,67.0995,House for sale,2049 Bayfront Dr Windsor CO 80550,https://www.zillow.com/homedetails/2049-Bayfront-Dr-Windsor-CO-80550/147461678_zpid/
539900,17816700,5,2,2064,47.988,House for sale,7361 Utica Street Westminster CO 80030,https://www.zillow.com/homedetails/7361-Utica-St-Westminster-CO-80030/12995317_zpid/
735000,24255000,4,3,3884,90.303,House for sale,7470 S Steele Circle Centennial CO 80122,https://www.zillow.com/homedetails/7470-S-Steele-Cir-Centennial-CO-80122/13162607_zpid/
765000,25245000,3,3,1898,44.1285,House for sale,3832 S Torreys Peak Dr Superior CO 80027,https://www.zillow.com/homedetails/3832-S-Torreys-Peak-Dr-Superior-CO-80027/13255715_zpid/
555000,18315000,4,3,2816,65.472,House for sale,10715 Eldridge Street Firestone CO 80504,https://www.zillow.com/homedetails/10715-Eldridge-St-Firestone-CO-80504/68060217_zpid/
585000,19305000,3,2,1444,33.573,House for sale,8065 W 19th Avenue Lakewood CO 80214,https://www.zillow.com/homedetails/8065-W-19th-Ave-Lakewood-CO-80214/13748099_zpid/
950000,31350000,4,4,3846,89.4195,House for sale,28605 Little Big Horn Drive Evergreen CO 80439,https://www.zillow.com/homedetails/28605-Little-Big-Horn-Dr-Evergreen-CO-80439/13839221_zpid/
50000,1650000,2,1,1824,42.408,House for sale,716 Navajo Ave Flagler CO 80815,https://www.zillow.com/homedetails/716-Navajo-Ave-Flagler-CO-80815/104584653_zpid/
450000,14850000,4,2,1738,40.4085,House for sale,5006 W 71st Court Westminster CO 80030,https://www.zillow.com/homedetails/5006-W-71st-Ct-Westminster-CO-80030/13024517_zpid/
339900,11216700,2,1,1426,33.1545,Townhouse for sale,2675 S Estes Street Lakewood CO 80227,https://www.zillow.com/homedetails/2675-S-Estes-St-Lakewood-CO-80227/13791009_zpid/
265000,8745000,1,1,625,14.53125,House for sale,361 Willow Rd Divide CO 80814,https://www.zillow.com/homedetails/361-Willow-Rd-Divide-CO-80814/62713781_zpid/
750000,24750000,4,5,2913,67.72725,House for sale,2451 Buffalo Mountain Ct Loveland CO 80538,https://www.zillow.com/homedetails/2451-Buffalo-Mountain-Ct-Loveland-CO-80538/124227164_zpid/
450000,14850000,3,2,2412,56.079,House for sale,21378 Way Of Joy Deer Trail CO 80105,https://www.zillow.com/homedetails/21378-Way-Of-Joy-Deer-Trail-CO-80105/13524870_zpid/
685000,22605000,4,4,2728,63.426,House for sale,976 Auburn Dr Erie CO 80516,https://www.zillow.com/homedetails/976-Auburn-Dr-Erie-CO-80516/299924946_zpid/
375000,12375000,3,2,1342,31.2015,House for sale,2115 Addison St Colorado Springs CO 80916,https://www.zillow.com/homedetails/2115-Addison-St-Colorado-Springs-CO-80916/13624448_zpid/
372723,12299859,3,3,1404,32.643,Townhouse for sale,1523 Adams Ave #16A Silverthorne CO 80498,https://www.zillow.com/homedetails/1523-Adams-Ave-16A-Silverthorne-CO-80498/2082848492_zpid/
819900,27056700,2,2,2400,55.8,House for sale,1410 Fall River Road Idaho Springs CO 80452,https://www.zillow.com/homedetails/1410-Fall-River-Rd-Idaho-Springs-CO-80452/2076844699_zpid/
184900,6101700,4,2,1497,34.80525,House for sale,1905 E 14th St Pueblo CO 81001,https://www.zillow.com/homedetails/1905-E-14th-St-Pueblo-CO-81001/2078088179_zpid/
610000,20130000,2,2,1920,44.64,House for sale,206 El Riv Creede CO 81130,https://www.zillow.com/homedetails/206-El-Riv-Creede-CO-81130/2065757091_zpid/
550000,18150000,3,3,1988,46.221,House for sale,2975 Distant Rock Ave Castle Rock CO 80109,https://www.zillow.com/homedetails/2975-Distant-Rock-Ave-Castle-Rock-CO-80109/242034474_zpid/
560000,18480000,4,4,2891,67.21575,House for sale,210 Saxony Road Johnstown CO 80534,https://www.zillow.com/homedetails/210-Saxony-Rd-Johnstown-CO-80534/88914427_zpid/
289900,9566700,3,2,1264,29.388,House for sale,1123 Rudd Ave Canon City CO 81212,https://www.zillow.com/homedetails/1123-Rudd-Ave-Canon-City-CO-81212/218693837_zpid/
389900,12866700,4,3,2016,46.872,House for sale,3921 Dove Ln Evans CO 80620,https://www.zillow.com/homedetails/3921-Dove-Ln-Evans-CO-80620/147483129_zpid/
550000,18150000,4,2,2126,49.4295,Coming soon,1815 Meadow St Longmont CO 80501,https://www.zillow.com/homedetails/1815-Meadow-St-Longmont-CO-80501/13200756_zpid/
184900,6101700,4,2,1497,34.80525,House for sale,1905 E 14th St Pueblo CO 81001,https://www.zillow.com/homedetails/1905-E-14th-St-Pueblo-CO-81001/14006131_zpid/
529000,17457000,3,3,2316,53.847,House for sale,11491 Rill Colorado Springs CO 80921,https://www.zillow.com/homedetails/11491-Rill-Colorado-Springs-CO-80921/2089989644_zpid/
350000,11550000,2,1,388,9.021,House for sale,279 N Fork Rd Glen Haven CO 80532,https://www.zillow.com/homedetails/279-N-Fork-Rd-Glen-Haven-CO-80532/13852839_zpid/
519000,17127000,2,1,1207,28.06275,Townhouse for sale,1050 N Logan Street  Unit E Denver CO 80203,https://www.zillow.com/homedetails/1050-N-Logan-St-Denver-CO-80203/82247901_zpid/
699000,23067000,3,2,1620,37.665,House for sale,1174 Ponderosa Dr Ridgway CO 81432,https://www.zillow.com/homedetails/1174-Ponderosa-Dr-Ridgway-CO-81432/104594566_zpid/
789950,26068350,3,2,1322,30.7365,House for sale,2523 Chase Street Edgewater CO 80214,https://www.zillow.com/homedetails/2523-Chase-St-Edgewater-CO-80214/13748559_zpid/
530000,17490000,4,4,2471,57.45075,House for sale,1485 Red Tail Rd Eaton CO 80615,https://www.zillow.com/homedetails/1485-Red-Tail-Rd-Eaton-CO-80615/68056045_zpid/
1450000,47850000,4,4,5298,123.1785,House for sale,7269 S Ireland Way Centennial CO 80016,https://www.zillow.com/homedetails/7269-S-Ireland-Way-Centennial-CO-80016/99651807_zpid/
900000,29700000,5,2,2520,58.59,House for sale,1591 Meade Street Denver CO 80204,https://www.zillow.com/homedetails/1591-Meade-St-Denver-CO-80204/2065536087_zpid/
390000,12870000,4,2,1760,40.92,House for sale,2502 14th Street Rd Greeley CO 80634,https://www.zillow.com/homedetails/2502-14th-Street-Rd-Greeley-CO-80634/14064604_zpid/
750000,24750000,8,5,4900,113.925,House for sale,10940 Unity Parkway Commerce City CO 80022,https://www.zillow.com/homedetails/10940-Unity-Pkwy-Commerce-City-CO-80022/82589545_zpid/
649000,21417000,3,3,2460,57.195,House for sale,8930 Miners Street Highlands Ranch CO 80126,https://www.zillow.com/homedetails/8930-Miners-St-Highlands-Ranch-CO-80126/13435826_zpid/
750000,24750000,4,3,3114,72.4005,House for sale,10847 Cedar Brook Street Highlands Ranch CO 80126,https://www.zillow.com/homedetails/10847-Cedar-Brook-St-Highlands-Ranch-CO-80126/55811633_zpid/
270000,8910000,4,2,2235,51.96375,House for sale,43333 County Road 120 3/4 Weld CO 80729,https://www.zillow.com/homedetails/43333-County-Road-120-3-4-Weld-CO-80729/14050554_zpid/
299900,9896700,1,1,900,20.925,House for sale,1349 Grackle Rd LOT 135 Craig CO 81625,https://www.zillow.com/homedetails/1349-Grackle-Rd-LOT-135-Craig-CO-81625/2069300546_zpid/
470000,15510000,3,2,1661,38.61825,House for sale,172 Becker Cir Johnstown CO 80534,https://www.zillow.com/homedetails/172-Becker-Cir-Johnstown-CO-80534/54820721_zpid/
600000,19800000,3,3,1486,34.5495,House for sale,3198 Billington Dr Erie CO 80516,https://www.zillow.com/homedetails/3198-Billington-Dr-Erie-CO-80516/54989023_zpid/
620000,20460000,3,3,1576,36.642,House for sale,13020 Iona Trl Green Mountain Falls CO 80819,https://www.zillow.com/homedetails/13020-Iona-Trl-Green-Mountain-Falls-CO-80819/13674475_zpid/
750000,24750000,3,3,2537,58.98525,House for sale,455 Castle Mountain Pass Guffey CO 80820,https://www.zillow.com/homedetails/455-Castle-Mountain-Pass-Guffey-CO-80820/114319412_zpid/
179900,5936700,3,2,924,21.483,House for sale,285 Honeysuckle Cir Fruita CO 81521,https://www.zillow.com/homedetails/285-Honeysuckle-Cir-Fruita-CO-81521/13944122_zpid/
235000,7755000,3,2,1200,27.9,Home for sale,7811 Songbird Circle  Unit 154 Frederick CO 80530,https://www.zillow.com/homedetails/7811-Songbird-Cir-154-Frederick-CO-80530/2065514336_zpid/
425000,14025000,4,2,1904,44.268,House for sale,612 Yucca Dr Grand Junction CO 81507,https://www.zillow.com/homedetails/612-Yucca-Dr-Grand-Junction-CO-81507/13975520_zpid/
1150000,37950000,6,6,4515,104.97375,House for sale,135 Equinox Cir Erie CO 80516,https://www.zillow.com/homedetails/135-Equinox-Cir-Erie-CO-80516/299923900_zpid/
340000,11220000,2,2,1208,28.086,Townhouse for sale,13302 E Asbury Dr Aurora CO 80014,https://www.zillow.com/homedetails/13302-E-Asbury-Dr-Aurora-CO-80014/13050228_zpid/
375000,12375000,3,1,1120,26.04,House for sale,10600 E 8th Avenue Aurora CO 80010,https://www.zillow.com/homedetails/10600-E-8th-Ave-Aurora-CO-80010/13035063_zpid/
585000,19305000,4,4,2876,66.867,House for sale,1561 Sorenson Dr Windsor CO 80550,https://www.zillow.com/homedetails/1561-Sorenson-Dr-Windsor-CO-80550/147457249_zpid/
599900,19796700,2,2,3626,84.3045,House for sale,2183 Winding Drive Longmont CO 80504,https://www.zillow.com/homedetails/2183-Winding-Dr-Longmont-CO-80504/121928141_zpid/
600000,19800000,4,2,2526,58.7295,House for sale,850 Pulpit Rock Cir N Colorado Springs CO 80918,https://www.zillow.com/homedetails/850-Pulpit-Rock-Cir-N-Colorado-Springs-CO-80918/13579430_zpid/
362000,11946000,2,2,1142,26.5515,Townhouse for sale,7995 E Mississippi Avenue  Unit F23 Denver CO 80247,https://www.zillow.com/homedetails/7995-E-Mississippi-Ave-APT-F23-Denver-CO-80247/13402424_zpid/
550000,18150000,3,3,2897,67.35525,House for sale,10130 Waco Street Commerce City CO 80022,https://www.zillow.com/homedetails/10130-Waco-St-Commerce-City-CO-80022/82584777_zpid/
480000,15840000,3,3,1839,42.75675,House for sale,427 Territory Ln Johnstown CO 80534,https://www.zillow.com/homedetails/427-Territory-Ln-Johnstown-CO-80534/118270743_zpid/
490000,16170000,3,2,1552,36.084,Home for sale,5727 Pine Ridge Drive Elizabeth CO 80107,https://www.zillow.com/homedetails/5727-Pine-Ridge-Dr-Elizabeth-CO-80107/13527253_zpid/
1150000,37950000,3,2,4440,103.23,House for sale,6343 County Road 20 Longmont CO 80504,https://www.zillow.com/homedetails/6343-County-Road-20-Longmont-CO-80504/333552356_zpid/
300000,9900000,2,2,1142,26.5515,Townhouse for sale,7995 E Mississippi Avenue  Unit F8 Denver CO 80247,https://www.zillow.com/homedetails/7995-E-Mississippi-Ave-APT-F8-Denver-CO-80247/13402409_zpid/
575000,18975000,2,2,2348,54.591,Townhouse for sale,1420 Adams Street Denver CO 80206,https://www.zillow.com/homedetails/1420-Adams-St-Denver-CO-80206/2065535380_zpid/
639900,21116700,3,3,2531,58.84575,House for sale,9356 Wolfe Drive Highlands Ranch CO 80129,https://www.zillow.com/homedetails/9356-Wolfe-Dr-Highlands-Ranch-CO-80129/13439676_zpid/
232900,7685700,2,2,1222,28.4115,House for sale,26138 State Highway 96 Wetmore CO 81253,https://www.zillow.com/homedetails/26138-State-Highway-96-W-Wetmore-CO-81253/194789519_zpid/
416000,13728000,4,2,1776,41.292,House for sale,11948 Lavinia Way Northglenn CO 80233,https://www.zillow.com/homedetails/11948-Lavinia-Way-Northglenn-CO-80233/12960261_zpid/
650000,21450000,3,3,2465,57.31125,House for sale,1671 Shoreview Pkwy Severance CO 80550,https://www.zillow.com/homedetails/1671-Shoreview-Pkwy-Severance-CO-80550/331295954_zpid/
465000,15345000,4,3,1807,42.01275,House for sale,4995 Hawk Springs Dr Colorado Springs CO 80923,https://www.zillow.com/homedetails/4995-Hawk-Springs-Dr-Colorado-Springs-CO-80923/13572439_zpid/
605000,19965000,3,3,2672,62.124,House for sale,7731 E 131st Avenue Thornton CO 80602,https://www.zillow.com/homedetails/7731-E-131st-Ave-Thornton-CO-80602/72296166_zpid/
465000,15345000,2,2,1231,28.62075,Townhouse for sale,5218 Estes Circle Arvada CO 80002,https://www.zillow.com/homedetails/5218-Estes-Cir-Arvada-CO-80002/13730161_zpid/
549000,18117000,3,3,2904,67.518,House for sale,8534 Raspberry Drive Frederick CO 80504,https://www.zillow.com/homedetails/8534-Raspberry-Dr-Frederick-CO-80504/119230943_zpid/
489900,16166700,4,3,3367,78.28275,House for sale,7528 Colorado Tech Dr Colorado Springs CO 80915,https://www.zillow.com/homedetails/7528-Colorado-Tech-Dr-Colorado-Springs-CO-80915/119307446_zpid/
850000,28050000,3,2,2064,47.988,Coming soon,1057 S Washington Street Denver CO 80209,https://www.zillow.com/homedetails/1057-S-Washington-St-Denver-CO-80209/13356724_zpid/
699900,23096700,4,4,3202,74.4465,House for sale,7038 Townsend Drive Highlands Ranch CO 80130,https://www.zillow.com/homedetails/7038-Townsend-Dr-Highlands-Ranch-CO-80130/13456730_zpid/
584900,19301700,3,3,3154,73.3305,House for sale,5363 Snowberry Ave Firestone CO 80504,https://www.zillow.com/homedetails/5363-Snowberry-Ave-Firestone-CO-80504/306179008_zpid/
689000,22737000,3,1,1388,32.271,House for sale,1221 13th Street Steamboat Springs CO 80487,https://www.zillow.com/homedetails/1221-13th-St-Steamboat-Springs-CO-80487/76268596_zpid/
575000,18975000,5,2,2695,62.65875,Coming soon,6540 W 80th Drive Arvada CO 80003,https://www.zillow.com/homedetails/6540-W-80th-Dr-Arvada-CO-80003/13694869_zpid/
720000,23760000,5,4,3949,91.81425,House for sale,5901 S Tibet Street Aurora CO 80015,https://www.zillow.com/homedetails/5901-S-Tibet-St-Aurora-CO-80015/54647366_zpid/
1200000,39600000,4,4,4531,105.34575,House for sale,4701 W Lake Circle Littleton CO 80123,https://www.zillow.com/homedetails/4701-W-Lake-Cir-N-Littleton-CO-80123/13154856_zpid/
460000,15180000,3,2,1366,31.7595,Townhouse for sale,149 Gcr #4421-102 Grand Lake CO 80447,https://www.zillow.com/homedetails/149-Gcr-4421-102-Grand-Lake-CO-80447/2065536905_zpid/
585000,19305000,3,4,2682,62.3565,House for sale,9191 E Arizona Place Denver CO 80247,https://www.zillow.com/homedetails/9191-E-Arizona-Pl-Denver-CO-80247/13046490_zpid/
449900,14846700,3,1,1172,27.249,House for sale,3753 Homestead Dr Mead CO 80542,https://www.zillow.com/homedetails/3753-Homestead-Dr-Mead-CO-80542/68060100_zpid/
575000,18975000,4,4,2079,48.33675,House for sale,8335 Feather Grass Court Parker CO 80134,https://www.zillow.com/homedetails/8335-Feather-Grass-Ct-Parker-CO-80134/52459108_zpid/
2000000,66000000,5,4,4843,112.59975,House for sale,5640 Big Canon Drive Greenwood Village CO 80111,https://www.zillow.com/homedetails/5640-Big-Canon-Dr-Greenwood-Village-CO-80111/13125760_zpid/
365000,12045000,3,2,2880,66.96,House for sale,107 S 4th Place Deer Trail CO 80105,https://www.zillow.com/homedetails/107-S-4th-Pl-Deer-Trail-CO-80105/295029043_zpid/
890000,29370000,4,3,5348,124.341,House for sale,18 Sol Way Como CO 80432,https://www.zillow.com/homedetails/18-Sol-Way-Como-CO-80432/13988444_zpid/
975000,32175000,3,3,2800,65.1,House for sale,1301 County Road 6 Alma CO 80420,https://www.zillow.com/homedetails/1301-County-Road-6-Alma-CO-80420/87817555_zpid/
520000,17160000,3,3,2037,47.36025,House for sale,10648 Worchester Street Commerce City CO 80022,https://www.zillow.com/homedetails/10648-Worchester-St-Commerce-City-CO-80022/103007731_zpid/
690000,22770000,4,3,2712,63.054,House for sale,2480 Miller Street Lakewood CO 80215,https://www.zillow.com/homedetails/2480-Miller-St-Lakewood-CO-80215/13745313_zpid/
299000,9867000,2,2,770,17.9025,Townhouse for sale,1285 Colorado Boulevard  Unit 2 Denver CO 80206,https://www.zillow.com/homedetails/1285-Colorado-Blvd-APT-2-Denver-CO-80206/13325473_zpid/
