550000,18150000,2,2,1574,36.5955,House for sale,185 Blaine Meadow Ln Kalispell MT 59901,https://www.zillow.com/homedetails/185-Blaine-Meadow-Ln-Kalispell-MT-59901/212876488_zpid/
325000,10725000,2,1,720,16.74,House for sale,2470 Bearlya Rd Hamilton MT 59840,https://www.zillow.com/homedetails/2470-Bearlya-Rd-Hamilton-MT-59840/2082119310_zpid/
485000,16005000,3,2,1636,38.037,House for sale,23197 State Highway 83 Bigfork MT 59911,https://www.zillow.com/homedetails/23197-State-Highway-83-Bigfork-MT-59911/227189402_zpid/
299900,9896700,3,2,1612,37.479,House for sale,460 Katherine Ann Dr Billings MT 59105,https://www.zillow.com/homedetails/460-Katherine-Ann-Dr-Billings-MT-59105/64471516_zpid/
420000,13860000,4,3,2422,56.3115,House for sale,3018 E Copper Ridge Loop Billings MT 59106,https://www.zillow.com/homedetails/3018-E-Copper-Ridge-Loop-Billings-MT-59106/87956602_zpid/
380000,12540000,3,2,1782,41.4315,House for sale,23 Medicine Crow Rd Columbus MT 59019,https://www.zillow.com/homedetails/23-Medicine-Crow-Rd-Columbus-MT-59019/193353273_zpid/
350000,11550000,1,1,605,14.06625,House for sale,20795 Whispering Pines Rd Missoula MT 59808,https://www.zillow.com/homedetails/20795-Whispering-Pines-Rd-Missoula-MT-59808/250286330_zpid/
535000,17655000,5,2,2382,55.3815,House for sale,88 Graves Creek Rd Thompson Falls MT 59873,https://www.zillow.com/homedetails/88-Graves-Creek-Rd-Thompson-Falls-MT-59873/234726377_zpid/
435000,14355000,4,2,2699,62.75175,House for sale,1000 Senora Ave Billings MT 59105,https://www.zillow.com/homedetails/1000-Senora-Ave-Billings-MT-59105/3178549_zpid/
1850000,61050000,4,5,7268,168.981,House for sale,662 Coffee Creek Rd Bozeman MT 59715,https://www.zillow.com/homedetails/662-Coffee-Creek-Rd-Bozeman-MT-59715/116362896_zpid/
849000,28017000,2,1,1421,33.03825,House for sale,108 Caledonia Rd Livingston MT 59047,https://www.zillow.com/homedetails/108-Caledonia-Rd-Livingston-MT-59047/230830289_zpid/
239900,7916700,4,2,3327,77.35275,House for sale,215 W Allard St Glendive MT 59330,https://www.zillow.com/homedetails/215-W-Allard-St-Glendive-MT-59330/78128054_zpid/
520000,17160000,3,2,1738,40.4085,House for sale,2508 Granary Rd Missoula MT 59808,https://www.zillow.com/homedetails/2508-Granary-Rd-Missoula-MT-59808/122479225_zpid/
65000,2145000,3,1,975,22.66875,House for sale,61 W Center St Butte MT 59701,https://www.zillow.com/homedetails/61-W-Center-St-Butte-MT-59701/78193098_zpid/
699900,23096700,4,3,2715,63.12375,House for sale,2 Overland Dr Big Timber MT 59011,https://www.zillow.com/homedetails/2-Overland-Dr-Big-Timber-MT-59011/250278977_zpid/
699888,23096304,4,3,2858,66.4485,House for sale,5 Rosebud Vw Roberts MT 59070,https://www.zillow.com/homedetails/5-Rosebud-Vw-Roberts-MT-59070/234685568_zpid/
229000,7557000,2,2,3852,89.559,House for sale,319 Boyd St Lewistown MT 59457,https://www.zillow.com/homedetails/319-Boyd-St-Lewistown-MT-59457/2066575272_zpid/
1,33,4,2,2832,65.844,Foreclosure,20605 Ridgewood Dr Huson MT 59846,https://www.zillow.com/homedetails/20605-Ridgewood-Dr-Huson-MT-59846/209646908_zpid/
409000,13497000,3,2,1181,27.45825,House for sale,915 Elizabeth St Helena MT 59601,https://www.zillow.com/homedetails/915-Elizabeth-St-Helena-MT-59601/216383394_zpid/
205000,6765000,3,1,1248,29.016,House for sale,428 Deerfield Ct Great Falls MT 59405,https://www.zillow.com/homedetails/428-Deerfield-Ct-Great-Falls-MT-59405/3115345_zpid/
699000,23067000,5,3,3332,77.469,House for sale,4 W Pinewood Dr Park City MT 59063,https://www.zillow.com/homedetails/4-W-Pinewood-Dr-Park-City-MT-59063/247988784_zpid/
625000,20625000,2,3,2468,57.381,House for sale,212 Sunrise Ln Lakeside MT 59922,https://www.zillow.com/homedetails/212-Sunrise-Ln-Lakeside-MT-59922/212849424_zpid/
325000,10725000,4,2,1880,43.71,House for sale,748 Skyline Dr NE Great Falls MT 59404,https://www.zillow.com/homedetails/748-Skyline-Dr-NE-Great-Falls-MT-59404/3116961_zpid/
575000,18975000,5,4,4124,95.883,House for sale,37 Mission Hills Pl Billings MT 59105,https://www.zillow.com/homedetails/37-Mission-Hills-Pl-Billings-MT-59105/3190150_zpid/
549000,18117000,3,2,1800,41.85,House for sale,126 10th St Eureka MT 59917,https://www.zillow.com/homedetails/126-10th-St-Eureka-MT-59917/252363387_zpid/
207000,6831000,2,1,2112,49.104,House for sale,531 S Colorado St Butte MT 59701,https://www.zillow.com/homedetails/531-S-Colorado-St-Butte-MT-59701/78194417_zpid/
725000,23925000,3,2,1624,37.758,House for sale,3725 Elk Flats Rd Condon MT 59826,https://www.zillow.com/homedetails/3725-Elk-Flats-Rd-Condon-MT-59826/3132083_zpid/
775000,25575000,4,4,2800,65.1,House for sale,3 Broadwater Rd Townsend MT 59644,https://www.zillow.com/homedetails/3-Broadwater-Rd-Townsend-MT-59644/193190719_zpid/
899500,29683500,5,4,4634,107.7405,House for sale,2050 Ranch Trail Rd Laurel MT 59044,https://www.zillow.com/homedetails/2050-Ranch-Trail-Rd-Laurel-MT-59044/69084372_zpid/
950000,31350000,3,2,2500,58.125,House for sale,1838 Farm To Market Rd Kalispell MT 59901,https://www.zillow.com/homedetails/1838-Farm-To-Market-Rd-Kalispell-MT-59901/212858212_zpid/
550000,18150000,4,3,1062,24.6915,Home for sale,42880 Eli Gap Rd Polson MT 59860,https://www.zillow.com/homedetails/42880-Eli-Gap-Rd-Polson-MT-59860/2065552487_zpid/
725000,23925000,4,3,3672,85.374,House for sale,4360 Moser Dome Rd Joliet MT 59041,https://www.zillow.com/homedetails/4360-Moser-Dome-Rd-Joliet-MT-59041/64827052_zpid/
510000,16830000,4,2,1216,28.272,Home for sale,305 W Railroad Ave N Manhattan MT 59741,https://www.zillow.com/homedetails/305-W-Railroad-Ave-N-Manhattan-MT-59741/74919837_zpid/
520000,17160000,4,3,2483,57.72975,House for sale,116 Windameer Ct Butte MT 59701,https://www.zillow.com/homedetails/116-Windameer-Ct-Butte-MT-59701/92074475_zpid/
499900,16496700,3,2,1345,31.27125,House for sale,681 Green Tree Dr Belgrade MT 59714,https://www.zillow.com/homedetails/681-Green-Tree-Dr-Belgrade-MT-59714/116318926_zpid/
1200000,39600000,4,4,4064,94.488,New construction,5695 Brumby Dr Missoula MT 59808,https://www.zillow.com/homedetails/5695-Brumby-Dr-Missoula-MT-59808/2082455389_zpid/
323000,10659000,2,2,1080,25.11,New construction,107 Tara Ln Stevensville MT 59870,https://www.zillow.com/homedetails/107-Tara-Ln-Stevensville-MT-59870/78187353_zpid/
199900,6596700,3,2,2500,58.125,House for sale,327 Howard Ave Billings MT 59101,https://www.zillow.com/homedetails/327-Howard-Ave-Billings-MT-59101/3172567_zpid/
60000,1980000,4,1,1257,29.22525,House for sale,373 S 5th Ave Forsyth MT 59327,https://www.zillow.com/homedetails/373-S-5th-Ave-Forsyth-MT-59327/80705161_zpid/
250000,8250000,2,1,672,15.624,House for sale,716 Avenue B Billings MT 59102,https://www.zillow.com/homedetails/716-Avenue-B-Billings-MT-59102/3161556_zpid/
700000,23100000,4,2,2064,47.988,House for sale,244 Elk Meadows Dr Eureka MT 59917,https://www.zillow.com/homedetails/244-Elk-Meadows-Dr-Eureka-MT-59917/252363460_zpid/
139900,4616700,3,2,1722,40.0365,House for sale,211 1st Ave Saco MT 59261,https://www.zillow.com/homedetails/211-1st-Ave-Saco-MT-59261/80703665_zpid/
550000,18150000,4,5,3522,81.8865,House for sale,40 Depot Hill Rd Boulder MT 59632,https://www.zillow.com/homedetails/40-Depot-Hill-Rd-Boulder-MT-59632/193331603_zpid/
218000,7194000,3,2,1658,38.5485,House for sale,5441 Carey Ave Shepherd MT 59079,https://www.zillow.com/homedetails/5441-Carey-Ave-Shepherd-MT-59079/3188132_zpid/
295000,9735000,5,3,2352,54.684,House for sale,1621 Juniper Dr Havre MT 59501,https://www.zillow.com/homedetails/1621-Juniper-Dr-Havre-MT-59501/78153290_zpid/
80000,2640000,3,1,1040,24.18,House for sale,105 1st St Glendive MT 59330,https://www.zillow.com/homedetails/105-1st-St-Glendive-MT-59330/234690844_zpid/
450000,14850000,2,2,1670,38.8275,House for sale,216 W Hamilton St Sheridan MT 59749,https://www.zillow.com/homedetails/216-W-Hamilton-St-Sheridan-MT-59749/78174715_zpid/
729000,24057000,5,4,3980,92.535,House for sale,44 Bend View Ln Great Falls MT 59404,https://www.zillow.com/homedetails/44-Bend-View-Ln-Great-Falls-MT-59404/250179423_zpid/
369900,12206700,3,3,1492,34.689,House for sale,1907 Stony Meadow Ln Billings MT 59101,https://www.zillow.com/homedetails/1907-Stony-Meadow-Ln-Billings-MT-59101/203186560_zpid/
895000,29535000,4,2,1835,42.66375,New construction,274 Vista Dr Whitefish MT 59937,https://www.zillow.com/homedetails/274-Vista-Dr-Whitefish-MT-59937/212877400_zpid/
399000,13167000,1,1,1758,40.8735,House for sale,325 E Gallatin St Livingston MT 59047,https://www.zillow.com/homedetails/325-E-Gallatin-St-Livingston-MT-59047/92071020_zpid/
186790,6164070,3,1,1820,42.315,House for sale,972 Mail Route Rd Flaxville MT 59222,https://www.zillow.com/homedetails/972-Mail-Route-Rd-Flaxville-MT-59222/116357726_zpid/
869000,28677000,4,3,2802,65.1465,New construction,71 Cushing Ln Manhattan MT 59741,https://www.zillow.com/homedetails/71-Cushing-Ln-Manhattan-MT-59741/2067384797_zpid/
44900,1481700,2,1,852,19.809,Home for sale,5820 N Montana Ave TRAILER F9 Helena MT 59602,https://www.zillow.com/homedetails/5820-N-Montana-Ave-TRAILER-F9-Helena-MT-59602/2069283125_zpid/
65000,2145000,2,1,1261,29.31825,House for sale,109 2nd St E Dodson MT 59524,https://www.zillow.com/homedetails/109-2nd-St-E-Dodson-MT-59524/80703567_zpid/
479000,15807000,3,3,1683,39.12975,New construction,Morgan Series Plan 1 Plan Prescott Ranch,https://www.zillow.com/community/prescott-ranch/2067493704_zpid/
899000,29667000,3,2,2164,50.313,House for sale,926 Jensen Rd Columbia Falls MT 59912,https://www.zillow.com/homedetails/926-Jensen-Rd-Columbia-Falls-MT-59912/248177617_zpid/
205000,6765000,5,2,2016,46.872,House for sale,3501 7th St NE Great Falls MT 59404,https://www.zillow.com/homedetails/3501-7th-St-NE-Great-Falls-MT-59404/3117355_zpid/
79100,2610300,4,2,1548,35.991,House for sale,413 S McDonald Ave Terry MT 59349,https://www.zillow.com/homedetails/413-S-McDonald-Ave-Terry-MT-59349/80704101_zpid/
221000,7293000,2,2,1040,24.18,House for sale,116 & 118 2nd Ave SE Ronan MT 59864,https://www.zillow.com/homedetails/116-118-2nd-Ave-SE-Ronan-MT-59864/2065580136_zpid/
375000,12375000,2,1,2980,69.285,House for sale,190 Poor Farm Ln Chinook MT 59523,https://www.zillow.com/homedetails/190-Poor-Farm-Ln-Chinook-MT-59523/303784338_zpid/
365000,12045000,4,3,2120,49.29,House for sale,1330 Claim Jumper Ln Billings MT 59105,https://www.zillow.com/homedetails/1330-Claim-Jumper-Ln-Billings-MT-59105/3176505_zpid/
659000,21747000,4,3,2236,51.987,House for sale,232 Dearborn Ave Missoula MT 59801,https://www.zillow.com/homedetails/232-Dearborn-Ave-Missoula-MT-59801/3135234_zpid/
3377000,111441000,3,3,3563,82.83975,House for sale,3560 Sprucewood Dr Big Sky MT 59716,https://www.zillow.com/homedetails/3560-Sprucewood-Dr-Big-Sky-MT-59716/212895848_zpid/
229000,7557000,1,1,216,5.022,House for sale,144 Hurricane Ranch Rd Rexford MT 59930,https://www.zillow.com/homedetails/144-Hurricane-Ranch-Rd-Rexford-MT-59930/250049642_zpid/
330000,10890000,4,1,1886,43.8495,House for sale,415 S Main St Boulder MT 59632,https://www.zillow.com/homedetails/415-S-Main-St-Boulder-MT-59632/2065540456_zpid/
215500,7111500,2,1,991,23.04075,House for sale,406 E 5th St Stevensville MT 59870,https://www.zillow.com/homedetails/406-E-5th-St-Stevensville-MT-59870/92073027_zpid/
1744000,57552000,4,2,2284,53.103,House for sale,2500 E Edgewood Dr Whitefish MT 59937,https://www.zillow.com/homedetails/2500-E-Edgewood-Dr-Whitefish-MT-59937/212891401_zpid/
159000,5247000,4,3,2110,49.0575,House for sale,510 N Center Ave Miles City MT 59301,https://www.zillow.com/homedetails/510-N-Center-Ave-Miles-City-MT-59301/78124692_zpid/
475000,15675000,3,2,1989,46.24425,Townhouse for sale,313 N 19th Ave Bozeman MT 59718,https://www.zillow.com/homedetails/313-N-19th-Ave-Bozeman-MT-59718/74921608_zpid/
650000,21450000,3,3,2149,49.96425,House for sale,542 Troy Mine Rd Troy MT 59935,https://www.zillow.com/homedetails/542-Troy-Mine-Rd-Troy-MT-59935/2066536955_zpid/
350000,11550000,3,1,1270,29.5275,House for sale,1373 Nye Rd Fishtail MT 59028,https://www.zillow.com/homedetails/1373-Nye-Rd-Fishtail-MT-59028/193352410_zpid/
995000,32835000,4,3,5192,120.714,House for sale,3925 Crest Ridge Ct Billings MT 59101,https://www.zillow.com/homedetails/3925-Crest-Ridge-Ct-Billings-MT-59101/250178258_zpid/
625000,20625000,2,1,1344,31.248,House for sale,5999 Pardee Creek Rd Superior MT 59872,https://www.zillow.com/homedetails/5999-Pardee-Creek-Rd-Superior-MT-59872/116513464_zpid/
425000,14025000,2,2,2868,66.681,House for sale,305 Miles Ave Clyde Park MT 59018,https://www.zillow.com/homedetails/305-Miles-Ave-Clyde-Park-MT-59018/78176747_zpid/
425000,14025000,3,2,1296,30.132,Home for sale,83 Swan Mountain Dr Kalispell MT 59901,https://www.zillow.com/homedetails/83-Swan-Mountain-Dr-Kalispell-MT-59901/243049574_zpid/
595000,19635000,3,2,3504,81.468,House for sale,519 Cochran Ln Saint Regis MT 59866,https://www.zillow.com/homedetails/519-Cochran-Ln-Saint-Regis-MT-59866/193341012_zpid/
799900,26396700,5,3,3654,84.9555,House for sale,110 Quirk Trl Eureka MT 59917,https://www.zillow.com/homedetails/110-Quirk-Trl-Eureka-MT-59917/250049830_zpid/
69900,2306700,1,1,825,19.18125,House for sale,2712 Walnut St Butte MT 59701,https://www.zillow.com/homedetails/2712-Walnut-St-Butte-MT-59701/78198412_zpid/
119900,3956700,2,1,888,20.646,House for sale,310 4th St Custer MT 59024,https://www.zillow.com/homedetails/310-4th-St-Custer-MT-59024/3186390_zpid/
775000,25575000,2,1,1760,40.92,House for sale,2825 Edna Creek Rd Trego MT 59934,https://www.zillow.com/homedetails/2825-Edna-Creek-Rd-Trego-MT-59934/250049224_zpid/
925000,30525000,3,2,1850,43.0125,House for sale,24657 Old Us Highway 93 Dayton MT 59914,https://www.zillow.com/homedetails/24657-Old-Us-Highway-93-Dayton-MT-59914/227188060_zpid/
229900,7586700,2,2,6000,139.5,House for sale,216 Broadway Ave Belfry MT 59008,https://www.zillow.com/homedetails/216-Broadway-Ave-Belfry-MT-59008/2073269459_zpid/
750900,24779700,2,2,1367,31.78275,New construction,247B Elm Ct Whitefish MT 59937,https://www.zillow.com/homedetails/247B-Elm-Ct-Whitefish-MT-59937/2065798351_zpid/
495000,16335000,3,2,1452,33.759,House for sale,248 Cooper Dr Cascade MT 59421,https://www.zillow.com/homedetails/248-Cooper-Dr-Cascade-MT-59421/79717414_zpid/
185000,6105000,0,0,1104,25.668,House for sale,230 N Main St Wisdom MT 59701,https://www.zillow.com/homedetails/230-N-Main-St-Wisdom-MT-59701/2066677222_zpid/
232500,7672500,2,1,800,18.6,House for sale,3217 Carter St Butte MT 59701,https://www.zillow.com/homedetails/3217-Carter-St-Butte-MT-59701/78203031_zpid/
204600,6751800,3,2,1173,27.27225,New construction,28443E The Hayden Plan Woody Mountain Residential Community,https://www.zillow.com/community/woody-mountain-residential-community/2066983460_zpid/
469000,15477000,3,3,2020,46.965,House for sale,501 S Hauser St Anaconda MT 59711,https://www.zillow.com/homedetails/501-S-Hauser-St-Anaconda-MT-59711/116342398_zpid/
155000,5115000,3,2,1026,23.8545,House for sale,309 Central Ave Plains MT 59859,https://www.zillow.com/homedetails/309-Central-Ave-Plains-MT-59859/119775594_zpid/
2750000,90750000,3,2,2847,66.19275,House for sale,2212 Willow Creek Rd Corvallis MT 59828,https://www.zillow.com/homedetails/2212-Willow-Creek-Rd-Corvallis-MT-59828/302010441_zpid/
600000,19800000,5,3,4624,107.508,House for sale,1095 Water Line Rd Butte MT 59701,https://www.zillow.com/homedetails/1095-Water-Line-Rd-Butte-MT-59701/78203769_zpid/
385000,12705000,3,1,1719,39.96675,House for sale,211 S H St Livingston MT 59047,https://www.zillow.com/homedetails/211-S-H-St-Livingston-MT-59047/78179964_zpid/
475000,15675000,4,1,1600,37.2,House for sale,116 7th Ave W Kalispell MT 59901,https://www.zillow.com/homedetails/116-7th-Ave-W-Kalispell-MT-59901/92059587_zpid/
375000,12375000,4,1,1824,42.408,House for sale,201 N Madison St Twin Bridges MT 59754,https://www.zillow.com/homedetails/201-N-Madison-St-Twin-Bridges-MT-59754/250239287_zpid/
252000,8316000,0,0,0,0.0,Multi-family home for sale,537 S Colorado St Butte MT 59701,https://www.zillow.com/homedetails/537-S-Colorado-St-Butte-MT-59701/78194416_zpid/
189900,6266700,2,1,946,21.9945,House for sale,59 Upper Reservoir Ln #12 Shawmut MT 59078,https://www.zillow.com/homedetails/59-Upper-Reservoir-Ln-12-Shawmut-MT-59078/128541114_zpid/
27999,923967,1,1,576,13.392,House for sale,113 S 1st Ave Antelope MT 59211,https://www.zillow.com/homedetails/113-S-1st-Ave-Antelope-MT-59211/2066502966_zpid/
1095000,36135000,4,2,2269,52.75425,House for sale,270 Aspen Loop Kalispell MT 59901,https://www.zillow.com/homedetails/270-Aspen-Loop-Kalispell-MT-59901/212858395_zpid/
1199000,39567000,5,4,4500,104.625,House for sale,5136 Chevelle Dr Billings MT 59106,https://www.zillow.com/homedetails/5136-Chevelle-Dr-Billings-MT-59106/3193137_zpid/
859900,28376700,4,2,2520,58.59,New construction,256 Travelers Way Manhattan MT 59741,https://www.zillow.com/homedetails/256-Travelers-Way-Manhattan-MT-59741/2067361562_zpid/
3600000,118800000,4,9,7023,163.28475,House for sale,4800 Grave Creek Rd Eureka MT 59917,https://www.zillow.com/homedetails/4800-Grave-Creek-Rd-Eureka-MT-59917/2099810138_zpid/
730000,24090000,3,2,2160,50.22,House for sale,64 Wheatland Meadows Dr Three Forks MT 59752,https://www.zillow.com/homedetails/64-Wheatland-Meadows-Dr-Three-Forks-MT-59752/2066673837_zpid/
3100000,102300000,6,4,3154,73.3305,New construction,138 Inspiration Dr Whitefish MT 59937,https://www.zillow.com/homedetails/138-Inspiration-Dr-Whitefish-MT-59937/2076795052_zpid/
75000,2475000,2,1,690,16.0425,House for sale,507 Hubbel St Miles City MT 59301,https://www.zillow.com/homedetails/507-Hubbel-St-Miles-City-MT-59301/78125051_zpid/
200000,6600000,3,1,1523,35.40975,House for sale,1115 Dakota Ave Libby MT 59923,https://www.zillow.com/homedetails/1115-Dakota-Ave-Libby-MT-59923/241940943_zpid/
399000,13167000,3,2,1734,40.3155,New construction,406 Mountain View Dr Cascade MT 59421,https://www.zillow.com/homedetails/406-Mountain-View-Dr-Cascade-MT-59421/2065535989_zpid/
349000,11517000,2,1,944,21.948,House for sale,351 Forest Rd SW Martinsdale MT 59053,https://www.zillow.com/homedetails/351-Forest-Rd-SW-Martinsdale-MT-59053/250171353_zpid/
325000,10725000,5,0,1085,25.22625,Multi-family home for sale,38 & 44 Forest Ave Libby MT 59923,https://www.zillow.com/homedetails/38-44-Forest-Ave-Libby-MT-59923/2065563843_zpid/
755000,24915000,5,6,2368,55.056,House for sale,1209 Horse Creek Rd Bighorn MT 59010,https://www.zillow.com/homedetails/1209-Horse-Creek-Rd-Bighorn-MT-59010/307027368_zpid/
4200000,138600000,5,5,5400,125.55,House for sale,200 Longhorn Rd Bozeman MT 59715,https://www.zillow.com/homedetails/200-Longhorn-Rd-Bozeman-MT-59715/212924626_zpid/
415000,13695000,2,3,3244,75.423,House for sale,1003 S 2nd St Hamilton MT 59840,https://www.zillow.com/homedetails/1003-S-2nd-St-Hamilton-MT-59840/78184778_zpid/
439000,14487000,2,2,1190,27.6675,Townhouse for sale,115 E Nicklaus Ave Kalispell MT 59901,https://www.zillow.com/homedetails/115-E-Nicklaus-Ave-Kalispell-MT-59901/92062480_zpid/
390000,12870000,3,2,2464,57.288,House for sale,13 W Dry Creek Rd Glendive MT 59330,https://www.zillow.com/homedetails/13-W-Dry-Creek-Rd-Glendive-MT-59330/234691052_zpid/
759000,25047000,4,2,2624,61.008,House for sale,9 Prickly Pear Ln Drummond MT 59832,https://www.zillow.com/homedetails/9-Prickly-Pear-Ln-Drummond-MT-59832/116366615_zpid/
1350000,44550000,2,1,728,16.926,House for sale,Main Boulder Rd Mc Leod MT 59052,https://www.zillow.com/homedetails/Main-Boulder-Rd-Mc-Leod-MT-59052/2072864072_zpid/
250000,8250000,0,2,3710,86.2575,House for sale,320 E Power St Glendive MT 59330,https://www.zillow.com/homedetails/320-E-Power-St-Glendive-MT-59330/78128533_zpid/
649000,21417000,5,3,3384,78.678,House for sale,307 Rice Ave NE Choteau MT 59422,https://www.zillow.com/homedetails/307-Rice-Ave-NE-Choteau-MT-59422/122868009_zpid/
725000,23925000,3,3,2048,47.616,House for sale,20 Halo Dr Troy MT 59935,https://www.zillow.com/homedetails/20-Halo-Dr-Troy-MT-59935/230837049_zpid/
65000,2145000,2,1,1172,27.249,House for sale,320 1st Ave N Medicine Lake MT 59247,https://www.zillow.com/homedetails/320-1st-Ave-N-Medicine-Lake-MT-59247/78191151_zpid/
699000,23067000,6,3,3530,82.0725,House for sale,333 Colter Trl Three Forks MT 59752,https://www.zillow.com/homedetails/333-Colter-Trl-Three-Forks-MT-59752/92055356_zpid/
1499900,49496700,3,2,2412,56.079,House for sale,350 Colorado Gulch Rd Missoula MT 59808,https://www.zillow.com/homedetails/350-Colorado-Gulch-Rd-Missoula-MT-59808/2104651077_zpid/
225000,7425000,2,1,1164,27.063,Home for sale,80 Golden Valley Loop Great Falls MT 59404,https://www.zillow.com/homedetails/80-Golden-Valley-Loop-Great-Falls-MT-59404/3122281_zpid/
8985000,296505000,9,12,12725,295.85625,House for sale,22743 Highway 35 #&-22783 Bigfork MT 59911,https://www.zillow.com/homedetails/22743-Highway-35-22783-Bigfork-MT-59911/2067800905_zpid/
110000,3630000,3,2,1216,28.272,Home for sale,628 Marias Ave Valier MT 59486,https://www.zillow.com/homedetails/628-Marias-Ave-Valier-MT-59486/122867617_zpid/
3250000,107250000,4,2,2600,60.45,House for sale,423 S Tracy Ave Bozeman MT 59715,https://www.zillow.com/homedetails/423-S-Tracy-Ave-Bozeman-MT-59715/74930073_zpid/
2275000,75075000,4,3,3000,69.75,House for sale,91 Hook And Horn Rd Cameron MT 59720,https://www.zillow.com/homedetails/91-Hook-And-Horn-Rd-Cameron-MT-59720/2070157512_zpid/
224000,7392000,3,2,1400,32.55,House for sale,501 S 30th St Billings MT 59101,https://www.zillow.com/homedetails/501-S-30th-St-Billings-MT-59101/3160559_zpid/
525000,17325000,4,3,2150,49.9875,New construction,1003 Ridgeway Dr Livingston MT 59047,https://www.zillow.com/homedetails/1003-Ridgeway-Dr-Livingston-MT-59047/2068393787_zpid/
750000,24750000,4,3,2530,58.8225,House for sale,7119 Yellowstone Trl Huntley MT 59037,https://www.zillow.com/homedetails/7119-Yellowstone-Trl-Huntley-MT-59037/3194987_zpid/
1075000,35475000,3,2,1791,41.64075,House for sale,12233 Fred Ln Missoula MT 59808,https://www.zillow.com/homedetails/12233-Fred-Ln-Missoula-MT-59808/209645313_zpid/
750000,24750000,1,2,1583,36.80475,House for sale,5744 S Fork Poorman Rd Lincoln MT 59639,https://www.zillow.com/homedetails/5744-S-Fork-Poorman-Rd-Lincoln-MT-59639/78172523_zpid/
229000,7557000,2,2,1064,24.738,Home for sale,12130 W Acres Loop Lolo MT 59847,https://www.zillow.com/homedetails/12130-W-Acres-Loop-Lolo-MT-59847/209616591_zpid/
99000,3267000,4,2,1344,31.248,House for sale,234 Maverick Rd Hardin MT 59034,https://www.zillow.com/homedetails/234-Maverick-Rd-Hardin-MT-59034/78120729_zpid/
859700,28370100,4,3,2582,60.0315,New construction,68 W Hyalite Peak Dr Bozeman MT 59718,https://www.zillow.com/homedetails/68-W-Hyalite-Peak-Dr-Bozeman-MT-59718/2066818717_zpid/
145000,4785000,3,2,2299,53.45175,House for sale,257 N 6th Ave Forsyth MT 59327,https://www.zillow.com/homedetails/257-N-6th-Ave-Forsyth-MT-59327/80705113_zpid/
109500,3613500,2,1,1101,25.59825,House for sale,315 Custer St Wolf Pt MT 59201,https://www.zillow.com/homedetails/315-Custer-St-Wolf-Pt-MT-59201/78189383_zpid/
3400000,112200000,4,3,3608,83.886,House for sale,3054 Old Darby Rd Darby MT 59829,https://www.zillow.com/homedetails/3054-Old-Darby-Rd-Darby-MT-59829/230845207_zpid/
1720000,56760000,3,2,1710,39.7575,House for sale,3 Pray Siding Rd Livingston MT 59047,https://www.zillow.com/homedetails/3-Pray-Siding-Rd-Livingston-MT-59047/2141785860_zpid/
78500,2590500,3,1,994,23.1105,House for sale,388 W Jefferson Ave Chester MT 59522,https://www.zillow.com/homedetails/388-W-Jefferson-Ave-Chester-MT-59522/2077557695_zpid/
12900000,425700000,11,14,22924,532.983,House for sale,9700 Clarkston Rd Three Forks MT 59752,https://www.zillow.com/homedetails/9700-Clarkston-Rd-Three-Forks-MT-59752/2065716262_zpid/
249000,8217000,5,2,2184,50.778,House for sale,817 S Central Ave Sidney MT 59270,https://www.zillow.com/homedetails/817-S-Central-Ave-Sidney-MT-59270/78188043_zpid/
1850000,61050000,4,4,3788,88.071,House for sale,645 W Valley Dr Kalispell MT 59901,https://www.zillow.com/homedetails/645-W-Valley-Dr-Kalispell-MT-59901/2065668705_zpid/
419900,13856700,3,2,1536,35.712,Townhouse for sale,6359 Southern Bluffs Ln Billings MT 59106,https://www.zillow.com/homedetails/6359-Southern-Bluffs-Ln-Billings-MT-59106/303794133_zpid/
349000,11517000,7,4,4352,101.184,House for sale,105 Elk Ave E Richey MT 59259,https://www.zillow.com/homedetails/105-Elk-Ave-E-Richey-MT-59259/2068615842_zpid/
430000,14190000,3,3,1664,38.688,Townhouse for sale,204 9th St APT B Belgrade MT 59714,https://www.zillow.com/homedetails/204-9th-St-APT-B-Belgrade-MT-59714/74932098_zpid/
949000,31317000,4,3,2662,61.8915,House for sale,232 Revere Rd Eureka MT 59917,https://www.zillow.com/homedetails/232-Revere-Rd-Eureka-MT-59917/116521494_zpid/
755000,24915000,3,2,1785,41.50125,House for sale,15 Berehaven Ln Philipsburg MT 59858,https://www.zillow.com/homedetails/15-Berehaven-Ln-Philipsburg-MT-59858/193328858_zpid/
755900,24944700,3,2,1960,45.57,House for sale,11 Lazy Ku Subdivision Billings MT 59102,https://www.zillow.com/homedetails/11-Lazy-Ku-Subdivision-Billings-MT-59102/2065610063_zpid/
125000,4125000,2,1,1680,39.06,House for sale,62 S 3rd St E Malta MT 59538,https://www.zillow.com/homedetails/62-S-3rd-St-E-Malta-MT-59538/80703270_zpid/
147500,4867500,2,1,0,0.0,House for sale,172 Roundup Mesa Rd Roundup MT 59072,https://www.zillow.com/homedetails/172-Roundup-Mesa-Rd-Roundup-MT-59072/331247434_zpid/
450000,14850000,3,2,1404,32.643,Home for sale,315 Sandbox Ln Columbia Falls MT 59912,https://www.zillow.com/homedetails/315-Sandbox-Ln-Columbia-Falls-MT-59912/112055108_zpid/
255000,8415000,3,2,1344,31.248,Home for sale,217 Flynn Ave Bainville MT 59212,https://www.zillow.com/homedetails/217-Flynn-Ave-Bainville-MT-59212/2068452737_zpid/
349000,11517000,3,2,2520,58.59,House for sale,8 Cherry St Anaconda MT 59711,https://www.zillow.com/homedetails/8-Cherry-St-Anaconda-MT-59711/78130125_zpid/
474900,15671700,2,1,952,22.134,House for sale,(undisclosed Address) Seeley Lake MT 59868,https://www.zillow.com/homedetails/Seeley-Lake-MT-59868/3136206_zpid/
1250000,41250000,3,3,2885,67.07625,House for sale,3 Dolly Varden Dr Mc Allister MT 59740,https://www.zillow.com/homedetails/3-Dolly-Varden-Dr-Mc-Allister-MT-59740/2069612708_zpid/
5950000,196350000,5,5,5128,119.226,House for sale,150 Labar Ln Whitefish MT 59937,https://www.zillow.com/homedetails/150-Labar-Ln-Whitefish-MT-59937/116328924_zpid/
725000,23925000,3,2,1320,30.69,Home for sale,62 Marshall Creek Rd Philipsburg MT 59858,https://www.zillow.com/homedetails/62-Marshall-Creek-Rd-Philipsburg-MT-59858/193328379_zpid/
1350000,44550000,3,4,2872,66.774,House for sale,265 Ferndale Dr Bigfork MT 59911,https://www.zillow.com/homedetails/265-Ferndale-Dr-Bigfork-MT-59911/212856197_zpid/
495000,16335000,4,3,2844,66.123,Home for sale,26 Packer Dr Haugan MT 59842,https://www.zillow.com/homedetails/26-Packer-Dr-Haugan-MT-59842/193341199_zpid/
420000,13860000,5,2,2218,51.5685,House for sale,716 N Davis St Helena MT 59601,https://www.zillow.com/homedetails/716-N-Davis-St-Helena-MT-59601/78169747_zpid/
989000,32637000,2,1,1692,39.339,House for sale,140 Eagle View Ln Noxon MT 59853,https://www.zillow.com/homedetails/140-Eagle-View-Ln-Noxon-MT-59853/234728452_zpid/
565000,18645000,3,2,1372,31.899,New construction,The Westhaven Plan The Cottages at Silverbrook,https://www.zillow.com/community/cottages-at-silverbrook/2078539107_zpid/
2400000,79200000,4,4,3875,90.09375,House for sale,2629 Red Bridge Rd Laurel MT 59044,https://www.zillow.com/homedetails/2629-Red-Bridge-Rd-Laurel-MT-59044/125795517_zpid/
259000,8547000,2,2,1600,37.2,Townhouse for sale,901 5th St SW Sidney MT 59270,https://www.zillow.com/homedetails/901-5th-St-SW-Sidney-MT-59270/2070529777_zpid/
799900,26396700,4,3,2462,57.2415,New construction,1324 Riviera Pl Billings MT 59106,https://www.zillow.com/homedetails/1324-Riviera-Pl-Billings-MT-59106/2068711506_zpid/
389900,12866700,3,2,1517,35.27025,New construction,Mystic Plan Trails West,https://www.zillow.com/community/trails-west/2070056788_zpid/
179500,5923500,3,2,1628,37.851,House for sale,723 2nd St NE Sidney MT 59270,https://www.zillow.com/homedetails/723-2nd-St-NE-Sidney-MT-59270/250069301_zpid/
5250000,173250000,4,5,4232,98.394,House for sale,14585 Eagle Eye Way Gallatin Gateway MT 59730,https://www.zillow.com/homedetails/14585-Eagle-Eye-Way-Gallatin-Gateway-MT-59730/116362567_zpid/
3350000,110550000,3,2,1813,42.15225,House for sale,257 Main Boulder Rd Big Timber MT 59011,https://www.zillow.com/homedetails/257-Main-Boulder-Rd-Big-Timber-MT-59011/303854224_zpid/
789000,26037000,8,0,3600,83.7,Multi-family home for sale,13 Martha Rd Columbia Falls MT 59912,https://www.zillow.com/homedetails/13-Martha-Rd-Columbia-Falls-MT-59912/78145252_zpid/
3500000,115500000,7,7,8000,186.0,House for sale,(undisclosed Address) Seeley Lake MT 59868,https://www.zillow.com/homedetails/Seeley-Lake-MT-59868/2068380877_zpid/
829000,27357000,4,2,2480,57.66,New construction,6628 Patton Ct Missoula MT 59808,https://www.zillow.com/homedetails/6628-Patton-Ct-Missoula-MT-59808/250286142_zpid/
625900,20654700,2,1,1500,34.875,House for sale,2655 Lockshire Ln East Helena MT 59635,https://www.zillow.com/homedetails/2655-Lockshire-Ln-East-Helena-MT-59635/216397691_zpid/
425000,14025000,2,3,1347,31.31775,New construction,307 Mansion View Loop Hamilton MT 59840,https://www.zillow.com/homedetails/307-Mansion-View-Loop-Hamilton-MT-59840/2089093528_zpid/
589900,19466700,1,1,1600,37.2,New construction,613 Willy Way Florence MT 59833,https://www.zillow.com/homedetails/613-Willy-Way-Florence-MT-59833/2070193657_zpid/
1250000,41250000,3,3,5910,137.4075,House for sale,818 Sunset Orchard Ln Stevensville MT 59870,https://www.zillow.com/homedetails/818-Sunset-Orchard-Ln-Stevensville-MT-59870/116350896_zpid/
3100000,102300000,5,5,4800,111.6,House for sale,713 Triple Tree Rd Bozeman MT 59715,https://www.zillow.com/homedetails/713-Triple-Tree-Rd-Bozeman-MT-59715/212915556_zpid/
1500000,49500000,4,2,2600,60.45,House for sale,104 Alta Dr Darby MT 59829,https://www.zillow.com/homedetails/104-Alta-Dr-Darby-MT-59829/230843000_zpid/
329000,10857000,1,1,2080,48.36,House for sale,210 Fiddler Creek Rd Fishtail MT 59028,https://www.zillow.com/homedetails/210-Fiddler-Creek-Rd-Fishtail-MT-59028/193352454_zpid/
