375000,12375000,3,2,1743,40.52475,House for sale,5905 Pimlico Rd Baltimore MD 21209,https://www.zillow.com/homedetails/5905-Pimlico-Rd-Baltimore-MD-21209/36592984_zpid/
395000,13035000,4,3,2291,53.26575,House for sale,1937 Winston Dr Hagerstown MD 21740,https://www.zillow.com/homedetails/1937-Winston-Dr-Hagerstown-MD-21740/37668992_zpid/
374777,12367641,4,3,3160,73.47,House for sale,325 Francis Ct Cumberland MD 21502,https://www.zillow.com/homedetails/325-Francis-Ct-Cumberland-MD-21502/36163025_zpid/
300000,9900000,3,4,1652,38.409,House for sale,20 Victoria Sq Frederick MD 21702,https://www.zillow.com/homedetails/20-Victoria-Sq-Frederick-MD-21702/36852639_zpid/
725000,23925000,4,3,3252,75.609,House for sale,10494 Stansfield Rd Laurel MD 20723,https://www.zillow.com/homedetails/10494-Stansfield-Rd-Laurel-MD-20723/121712854_zpid/
320000,10560000,4,2,2016,46.872,House for sale,26824 Fowler Ct Mechanicsville MD 20659,https://www.zillow.com/homedetails/26824-Fowler-Ct-Mechanicsville-MD-20659/37597290_zpid/
269000,8877000,3,2,2136,49.662,House for sale,420 Elberta Ave Salisbury MD 21801,https://www.zillow.com/homedetails/420-Elberta-Ave-Salisbury-MD-21801/37711136_zpid/
299900,9896700,4,2,2295,53.35875,House for sale,5928 Glenoak Ave Baltimore MD 21214,https://www.zillow.com/homedetails/5928-Glenoak-Ave-Baltimore-MD-21214/36581486_zpid/
199900,6596700,3,3,1440,33.48,House for sale,1904 S Mill Dr Salisbury MD 21804,https://www.zillow.com/homedetails/1904-S-Mill-Dr-Salisbury-MD-21804/37701834_zpid/
479900,15836700,4,3,1972,45.849,House for sale,1201 Holmewood Dr Pasadena MD 21122,https://www.zillow.com/homedetails/1201-Holmewood-Dr-Pasadena-MD-21122/36058561_zpid/
339900,11216700,3,2,1750,40.6875,House for sale,1205 Cobb Rd Baltimore MD 21208,https://www.zillow.com/homedetails/1205-Cobb-Rd-Baltimore-MD-21208/36341234_zpid/
649500,21433500,6,4,3299,76.70175,House for sale,5203 Braeburn Way Perry Hall MD 21128,https://www.zillow.com/homedetails/5203-Braeburn-Way-Perry-Hall-MD-21128/60873434_zpid/
475000,15675000,4,3,2438,56.6835,House for sale,9667 Ridge View Dr Owings MD 20736,https://www.zillow.com/homedetails/9667-Ridge-View-Dr-Owings-MD-20736/36658716_zpid/
720000,23760000,4,4,2728,63.426,House for sale,8270 Glenmar Rd Ellicott City MD 21043,https://www.zillow.com/homedetails/8270-Glenmar-Rd-Ellicott-City-MD-21043/36990931_zpid/
370000,12210000,3,3,1769,41.12925,House for sale,53 Hillcrest Ct Elkton MD 21921,https://www.zillow.com/homedetails/53-Hillcrest-Ct-Elkton-MD-21921/82124644_zpid/
700000,23100000,4,3,4217,98.04525,House for sale,1816 Stonegate Ave Crofton MD 21114,https://www.zillow.com/homedetails/1816-Stonegate-Ave-Crofton-MD-21114/36007867_zpid/
435000,14355000,4,3,1758,40.8735,House for sale,1920 Tadcaster Rd Baltimore MD 21228,https://www.zillow.com/homedetails/1920-Tadcaster-Rd-Baltimore-MD-21228/36201685_zpid/
419900,13856700,2,2,1392,32.364,House for sale,5001 Reels Mill Rd Frederick MD 21704,https://www.zillow.com/homedetails/5001-Reels-Mill-Rd-Frederick-MD-21704/36885415_zpid/
770000,25410000,5,4,4467,103.85775,House for sale,3504 Char Lil Ct Ellicott City MD 21042,https://www.zillow.com/homedetails/3504-Char-Lil-Ct-Ellicott-City-MD-21042/37027715_zpid/
425000,14025000,3,3,1800,41.85,House for sale,12727 Haskell Ln Bowie MD 20716,https://www.zillow.com/homedetails/12727-Haskell-Ln-Bowie-MD-20716/37403158_zpid/
309900,10226700,4,2,1249,29.03925,House for sale,2804 Rueckert Ave Baltimore MD 21214,https://www.zillow.com/homedetails/2804-Rueckert-Ave-Baltimore-MD-21214/36585860_zpid/
425000,14025000,4,3,1889,43.91925,House for sale,100 Webb Ct Frederick MD 21702,https://www.zillow.com/homedetails/100-Webb-Ct-Frederick-MD-21702/54426681_zpid/
895000,29535000,5,3,3074,71.4705,House for sale,807 Hurley Ave Rockville MD 20850,https://www.zillow.com/homedetails/807-Hurley-Ave-Rockville-MD-20850/37107770_zpid/
380000,12540000,3,3,2000,46.5,House for sale,144 Redhaven Ct Thurmont MD 21788,https://www.zillow.com/homedetails/144-Redhaven-Ct-Thurmont-MD-21788/54426350_zpid/
485000,16005000,3,3,1680,39.06,House for sale,13904 Sea Captain Rd Ocean City MD 21842,https://www.zillow.com/homedetails/13904-Sea-Captain-Rd-Ocean-City-MD-21842/37750134_zpid/
399900,13196700,4,3,2548,59.241,House for sale,358 Regal Dr Abingdon MD 21009,https://www.zillow.com/homedetails/358-Regal-Dr-Abingdon-MD-21009/36925067_zpid/
349900,11546700,4,2,1440,33.48,House for sale,1059 Ruatan St Silver Spring MD 20903,https://www.zillow.com/homedetails/1059-Ruatan-St-Silver-Spring-MD-20903/37290788_zpid/
235000,7755000,3,1,1583,36.80475,House for sale,1743 Little Creek Dr Baltimore MD 21207,https://www.zillow.com/homedetails/1743-Little-Creek-Dr-Baltimore-MD-21207/36189877_zpid/
569900,18806700,3,4,2904,67.518,House for sale,27523 Queentree Rd Mechanicsville MD 20659,https://www.zillow.com/homedetails/27523-Queentree-Rd-Mechanicsville-MD-20659/117606420_zpid/
610000,20130000,4,5,3772,87.699,House for sale,12708 Lusbys Ln Brandywine MD 20613,https://www.zillow.com/homedetails/12708-Lusbys-Ln-Brandywine-MD-20613/64688515_zpid/
269900,8906700,4,2,1329,30.89925,House for sale,12202 Cedar Crest Ave Hagerstown MD 21740,https://www.zillow.com/homedetails/12202-Cedar-Crest-Ave-Hagerstown-MD-21740/37679417_zpid/
750000,24750000,4,4,3972,92.349,House for sale,9801 Big Woods Ct Ijamsville MD 21754,https://www.zillow.com/homedetails/9801-Big-Woods-Ct-Ijamsville-MD-21754/36882059_zpid/
625000,20625000,4,3,2008,46.686,House for sale,360 Long Meadow Way Arnold MD 21012,https://www.zillow.com/homedetails/360-Long-Meadow-Way-Arnold-MD-21012/36056379_zpid/
245000,8085000,3,2,1296,30.132,House for sale,700 Evesham Ave Baltimore MD 21212,https://www.zillow.com/homedetails/700-Evesham-Ave-Baltimore-MD-21212/36616059_zpid/
299900,9896700,4,2,1584,36.828,House for sale,307 Crowl Rd Westminster MD 21158,https://www.zillow.com/homedetails/307-Crowl-Rd-Westminster-MD-21158/67217392_zpid/
299900,9896700,3,2,1400,32.55,Townhouse for sale,19860 Beatriz Ave Poolesville MD 20837,https://www.zillow.com/homedetails/19860-Beatriz-Ave-Poolesville-MD-20837/37089691_zpid/
665000,21945000,4,4,2380,55.335,House for sale,203 Rabbitt Rd Gaithersburg MD 20878,https://www.zillow.com/homedetails/203-Rabbitt-Rd-Gaithersburg-MD-20878/37233029_zpid/
275000,9075000,4,3,2450,56.9625,Townhouse for sale,810 N Washington St Baltimore MD 21205,https://www.zillow.com/homedetails/810-N-Washington-St-Baltimore-MD-21205/36443927_zpid/
289900,9566700,4,2,1102,25.6215,House for sale,4416 Powell Ave Baltimore MD 21206,https://www.zillow.com/homedetails/4416-Powell-Ave-Baltimore-MD-21206/36567840_zpid/
489333,16147989,5,4,2811,65.35575,House for sale,2315 Northcliff Dr Jarrettsville MD 21084,https://www.zillow.com/homedetails/2315-Northcliff-Dr-Jarrettsville-MD-21084/36972499_zpid/
674999,22274967,5,5,4002,93.0465,House for sale,2604 Bluhaven Ct Silver Spring MD 20906,https://www.zillow.com/homedetails/2604-Bluhaven-Ct-Silver-Spring-MD-20906/37320761_zpid/
740000,24420000,5,5,5260,122.295,House for sale,11655 Gilbert Ln La Plata MD 20646,https://www.zillow.com/homedetails/11655-Gilbert-Ln-La-Plata-MD-20646/36711276_zpid/
220000,7260000,3,2,1894,44.0355,House for sale,6008 Cedonia Ave Baltimore MD 21206,https://www.zillow.com/homedetails/6008-Cedonia-Ave-Baltimore-MD-21206/36567698_zpid/
399900,13196700,3,2,1853,43.08225,House for sale,23 Fiske Ave Reisterstown MD 21136,https://www.zillow.com/homedetails/23-Fiske-Ave-Reisterstown-MD-21136/36356610_zpid/
225000,7425000,4,2,1538,35.7585,House for sale,406 Market St Pocomoke City MD 21851,https://www.zillow.com/homedetails/406-Market-St-Pocomoke-City-MD-21851/82166412_zpid/
490000,16170000,5,3,2440,56.73,House for sale,1920 Dana Dr Hyattsville MD 20783,https://www.zillow.com/homedetails/1920-Dana-Dr-Hyattsville-MD-20783/37523379_zpid/
240000,7920000,3,2,1560,36.27,Townhouse for sale,236 Maple Wreath Ct Abingdon MD 21009,https://www.zillow.com/homedetails/236-Maple-Wreath-Ct-Abingdon-MD-21009/36930994_zpid/
500000,16500000,3,4,3002,69.7965,House for sale,16836 Malabar St Derwood MD 20855,https://www.zillow.com/homedetails/16836-Malabar-St-Derwood-MD-20855/37222403_zpid/
490000,16170000,6,5,4556,105.927,House for sale,4401 Antrim Ct Aberdeen MD 21001,https://www.zillow.com/homedetails/4401-Antrim-Ct-Aberdeen-MD-21001/62868610_zpid/
554900,18311700,4,3,2300,53.475,House for sale,2332 Nees Ln Silver Spring MD 20905,https://www.zillow.com/homedetails/2332-Nees-Ln-Silver-Spring-MD-20905/37137764_zpid/
530000,17490000,5,4,2987,69.44775,House for sale,12 Clearwater Ct Damascus MD 20872,https://www.zillow.com/homedetails/12-Clearwater-Ct-Damascus-MD-20872/37272534_zpid/
245000,8085000,3,2,1449,33.68925,House for sale,5748 Middleburg Rd Union Bridge MD 21791,https://www.zillow.com/homedetails/5748-Middleburg-Rd-Union-Bridge-MD-21791/36747541_zpid/
493500,16285500,4,2,1224,28.458,House for sale,809 Buckingham Dr Silver Spring MD 20901,https://www.zillow.com/homedetails/809-Buckingham-Dr-Silver-Spring-MD-20901/37277836_zpid/
529990,17489670,5,3,2342,54.4515,House for sale,4400 Morgal St Rockville MD 20853,https://www.zillow.com/homedetails/4400-Morgal-St-Rockville-MD-20853/37314477_zpid/
395000,13035000,3,4,2756,64.077,Townhouse for sale,232 Mohegan Dr Havre De Grace MD 21078,https://www.zillow.com/homedetails/232-Mohegan-Dr-Havre-De-Grace-MD-21078/98031525_zpid/
263000,8679000,6,3,1832,42.594,House for sale,1057 Wilmington Ave Baltimore MD 21223,https://www.zillow.com/homedetails/1057-Wilmington-Ave-Baltimore-MD-21223/36546148_zpid/
329900,10886700,4,3,2128,49.476,House for sale,177 Carnival Dr Taneytown MD 21787,https://www.zillow.com/homedetails/177-Carnival-Dr-Taneytown-MD-21787/54474487_zpid/
699900,23096700,3,5,2500,58.125,House for sale,704 Kingston Rd Baltimore MD 21212,https://www.zillow.com/homedetails/704-Kingston-Rd-Baltimore-MD-21212/36413333_zpid/
99500,3283500,3,3,1520,35.34,House for sale,436 Pine Ave Cumberland MD 21502,https://www.zillow.com/homedetails/436-Pine-Ave-Cumberland-MD-21502/36163403_zpid/
410000,13530000,5,2,2280,53.01,House for sale,8003 Neville Pl Fort Washington MD 20744,https://www.zillow.com/homedetails/8003-Neville-Pl-Fort-Washington-MD-20744/37462283_zpid/
424900,14021700,3,3,1272,29.574,House for sale,163 W Main St New Market MD 21774,https://www.zillow.com/homedetails/163-W-Main-St-New-Market-MD-21774/36886701_zpid/
299990,9899670,3,1,1146,26.6445,House for sale,55 Walton Rd Huntingtown MD 20639,https://www.zillow.com/homedetails/55-Walton-Rd-Huntingtown-MD-20639/82131645_zpid/
589900,19466700,3,4,3200,74.4,Townhouse for sale,9613 Bothwell Ln Frederick MD 21704,https://www.zillow.com/homedetails/9613-Bothwell-Ln-Frederick-MD-21704/87863410_zpid/
399900,13196700,3,2,1548,35.991,House for sale,8755 Redondo Way Jessup MD 20794,https://www.zillow.com/homedetails/8755-Redondo-Way-Jessup-MD-20794/37055311_zpid/
360000,11880000,3,4,1588,36.921,Townhouse for sale,18211 Kitchen House Ct Germantown MD 20874,https://www.zillow.com/homedetails/18211-Kitchen-House-Ct-Germantown-MD-20874/37153642_zpid/
450000,14850000,4,3,2633,61.21725,House for sale,906 Clauser Ct New Windsor MD 21776,https://www.zillow.com/homedetails/906-Clauser-Ct-New-Windsor-MD-21776/36751394_zpid/
269900,8906700,3,2,1326,30.8295,House for sale,30549 E Rustic Dr Salisbury MD 21804,https://www.zillow.com/homedetails/30549-E-Rustic-Dr-Salisbury-MD-21804/37700799_zpid/
485000,16005000,3,2,1588,36.921,House for sale,517 Fairview Ave Frederick MD 21701,https://www.zillow.com/homedetails/517-Fairview-Ave-Frederick-MD-21701/36844002_zpid/
320000,10560000,3,2,1324,30.783,House for sale,6109 Auth Rd Suitland MD 20746,https://www.zillow.com/homedetails/6109-Auth-Rd-Suitland-MD-20746/37383827_zpid/
339000,11187000,3,4,2632,61.194,Townhouse for sale,2301 Bright Leaf Way Baltimore MD 21209,https://www.zillow.com/homedetails/2301-Bright-Leaf-Way-Baltimore-MD-21209/36593107_zpid/
362800,11972400,2,3,1862,43.2915,Townhouse for sale,664 Warblers Perch Way Glen Burnie MD 21060,https://www.zillow.com/homedetails/664-Warblers-Perch-Way-Glen-Burnie-MD-21060/182168568_zpid/
199999,6599967,3,2,1144,26.598,Townhouse for sale,3429 McShane Way Baltimore MD 21222,https://www.zillow.com/homedetails/3429-McShane-Way-Baltimore-MD-21222/36243274_zpid/
400000,13200000,4,2,1808,42.036,House for sale,1305 Rice Ave Baltimore MD 21228,https://www.zillow.com/homedetails/1305-Rice-Ave-Baltimore-MD-21228/36202735_zpid/
859000,28347000,4,5,4560,106.02,House for sale,6041 Old Washington Rd Sykesville MD 21784,https://www.zillow.com/homedetails/6041-Old-Washington-Rd-Sykesville-MD-21784/36754984_zpid/
599000,19767000,3,3,3390,78.8175,House for sale,147 Sylmar Rd Rising Sun MD 21911,https://www.zillow.com/homedetails/147-Sylmar-Rd-Rising-Sun-MD-21911/82127171_zpid/
85000,2805000,4,1,1677,38.99025,House for sale,21149 Tuff St Tylerton MD 21866,https://www.zillow.com/homedetails/21149-Tuff-St-Tylerton-MD-21866/37618707_zpid/
899900,29696700,4,3,3161,73.49325,House for sale,14817 Spring Meadows Dr Germantown MD 20874,https://www.zillow.com/homedetails/14817-Spring-Meadows-Dr-Germantown-MD-20874/37154410_zpid/
560000,18480000,2,2,1152,26.784,House for sale,335 Fairgate Rd Mc Henry MD 21541,https://www.zillow.com/homedetails/335-Fairgate-Rd-Mc-Henry-MD-21541/300434161_zpid/
476000,15708000,4,3,2434,56.5905,House for sale,4536 Kinmount Rd Lanham MD 20706,https://www.zillow.com/homedetails/4536-Kinmount-Rd-Lanham-MD-20706/37546009_zpid/
599000,19767000,4,4,2880,66.96,House for sale,10425 Maynard Ct Damascus MD 20872,https://www.zillow.com/homedetails/10425-Maynard-Ct-Damascus-MD-20872/37272702_zpid/
1500000,49500000,6,6,3032,70.494,House for sale,2045 Lake Shore Dr Oakland MD 21550,https://www.zillow.com/homedetails/2045-Lake-Shore-Dr-Oakland-MD-21550/36903136_zpid/
569000,18777000,4,2,2053,47.73225,House for sale,13613 Arctic Ave Rockville MD 20853,https://www.zillow.com/homedetails/13613-Arctic-Ave-Rockville-MD-20853/37314958_zpid/
660000,21780000,3,3,1920,44.64,House for sale,4922 Lerch Dr Shady Side MD 20764,https://www.zillow.com/homedetails/4922-Lerch-Dr-Shady-Side-MD-20764/36146926_zpid/
895000,29535000,4,4,2733,63.54225,House for sale,47 Moonshell Dr Ocean Pines MD 21811,https://www.zillow.com/homedetails/47-Moonshell-Dr-Ocean-Pines-MD-21811/37728790_zpid/
225000,7425000,3,2,1802,41.8965,Townhouse for sale,1697 Langford Rd Baltimore MD 21207,https://www.zillow.com/homedetails/1697-Langford-Rd-Baltimore-MD-21207/36197944_zpid/
399999,13199967,4,3,2016,46.872,House for sale,13912 Cherry Tree Crossing Rd Brandywine MD 20613,https://www.zillow.com/homedetails/13912-Cherry-Tree-Crossing-Rd-Brandywine-MD-20613/37450301_zpid/
475000,15675000,3,3,2350,54.6375,Townhouse for sale,5215 Winding Star Cir Columbia MD 21044,https://www.zillow.com/homedetails/5215-Winding-Star-Cir-Columbia-MD-21044/37002800_zpid/
1198800,39560400,5,5,6212,144.429,House for sale,14581 Triadelphia Rd Glenelg MD 21737,https://www.zillow.com/homedetails/14581-Triadelphia-Rd-Glenelg-MD-21737/96205251_zpid/
545000,17985000,3,3,2038,47.3835,House for sale,112 Mainbrace Dr Queenstown MD 21658,https://www.zillow.com/homedetails/112-Mainbrace-Dr-Queenstown-MD-21658/37584072_zpid/
249900,8246700,3,3,1200,27.9,Townhouse for sale,2407 Golders Green Ct #2407 Windsor Mill MD 21244,https://www.zillow.com/homedetails/2407-Golders-Green-Ct-2407-Windsor-Mill-MD-21244/36336630_zpid/
384900,12701700,3,4,1320,30.69,House for sale,7916 New Freetown Rd Pasadena MD 21122,https://www.zillow.com/homedetails/7916-New-Freetown-Rd-Pasadena-MD-21122/123538369_zpid/
689900,22766700,4,4,3362,78.1665,House for sale,8777 Doves Fly Way Laurel MD 20723,https://www.zillow.com/homedetails/8777-Doves-Fly-Way-Laurel-MD-20723/37055687_zpid/
264900,8741700,3,3,1809,42.05925,Townhouse for sale,307 Sunray Ct Abingdon MD 21009,https://www.zillow.com/homedetails/307-Sunray-Ct-Abingdon-MD-21009/36931781_zpid/
499000,16467000,4,5,2178,50.6385,Townhouse for sale,1512 Henry St Baltimore MD 21230,https://www.zillow.com/homedetails/1512-Henry-St-Baltimore-MD-21230/36540350_zpid/
249900,8246700,3,2,1152,26.784,House for sale,6312 Carters Ln Riverdale MD 20737,https://www.zillow.com/homedetails/6312-Carters-Ln-Riverdale-MD-20737/37544554_zpid/
485000,16005000,3,3,2400,55.8,House for sale,413 Haskell Dr Arnold MD 21012,https://www.zillow.com/homedetails/413-Haskell-Dr-Arnold-MD-21012/36048876_zpid/
365000,12045000,5,5,2837,65.96025,House for sale,3503 Berwyn Ave Baltimore MD 21207,https://www.zillow.com/homedetails/3503-Berwyn-Ave-Baltimore-MD-21207/36496447_zpid/
329000,10857000,3,2,1500,34.875,House for sale,7614 Dunmanway Baltimore MD 21222,https://www.zillow.com/homedetails/7614-Dunmanway-Baltimore-MD-21222/36238780_zpid/
817500,26977500,4,4,5096,118.482,House for sale,655 Marley Run Huntingtown MD 20639,https://www.zillow.com/homedetails/655-Marley-Run-Huntingtown-MD-20639/208427743_zpid/
164900,5441700,3,1,1112,25.854,House for sale,2576 Joseph Biggs Hwy North East MD 21901,https://www.zillow.com/homedetails/2576-Joseph-Biggs-Hwy-North-East-MD-21901/249613343_zpid/
750000,24750000,4,4,3368,78.306,House for sale,1171 Leeds Rd Elkton MD 21921,https://www.zillow.com/homedetails/1171-Leeds-Rd-Elkton-MD-21921/36679296_zpid/
289000,9537000,3,3,1612,37.479,Townhouse for sale,7513 Stones Throw Ct Windsor Mill MD 21244,https://www.zillow.com/homedetails/7513-Stones-Throw-Ct-Windsor-Mill-MD-21244/2065570583_zpid/
365000,12045000,4,2,1548,35.991,Foreclosure,5999 Jacobs Ladder Columbia MD 21045,https://www.zillow.com/homedetails/5999-Jacobs-Ladder-Columbia-MD-21045/37011020_zpid/
499900,16496700,1,2,1311,30.48075,House for sale,430 Riverside Dr Pasadena MD 21122,https://www.zillow.com/homedetails/430-Riverside-Dr-Pasadena-MD-21122/36081693_zpid/
353000,11649000,3,4,1848,42.966,Townhouse for sale,4807 Harcourt Rd #16 Upper Marlboro MD 20772,https://www.zillow.com/homedetails/4807-Harcourt-Rd-16-Upper-Marlboro-MD-20772/54466803_zpid/
275000,9075000,3,3,1836,42.687,Townhouse for sale,317 Fullerton Pl Abingdon MD 21009,https://www.zillow.com/homedetails/317-Fullerton-Pl-Abingdon-MD-21009/36926890_zpid/
635000,20955000,4,3,2574,59.8455,House for sale,28417 Honeysuckle Dr Damascus MD 20872,https://www.zillow.com/homedetails/28417-Honeysuckle-Dr-Damascus-MD-20872/37272043_zpid/
299900,9896700,3,3,2137,49.68525,Townhouse for sale,3519 65th Ave BUILDING 12-B Hyattsville MD 20784,https://www.zillow.com/homedetails/3519-65th-Ave-BUILDING-12-B-Hyattsville-MD-20784/175861912_zpid/
339999,11219967,4,2,2431,56.52075,House for sale,8711 Wendell Ave Baltimore MD 21234,https://www.zillow.com/homedetails/8711-Wendell-Ave-Baltimore-MD-21234/36269006_zpid/
415000,13695000,4,2,1668,38.781,House for sale,16103 Philmont Ln Bowie MD 20716,https://www.zillow.com/homedetails/16103-Philmont-Ln-Bowie-MD-20716/37418105_zpid/
624900,20621700,5,4,3192,74.214,House for sale,5018 69th Ave Riverdale MD 20737,https://www.zillow.com/homedetails/5018-69th-Ave-Riverdale-MD-20737/37358370_zpid/
579900,19136700,5,3,2900,67.425,House for sale,406 Barton Ct Westminster MD 21157,https://www.zillow.com/homedetails/406-Barton-Ct-Westminster-MD-21157/57685564_zpid/
759000,25047000,5,4,4052,94.209,House for sale,1441 Carries Ct Huntingtown MD 20639,https://www.zillow.com/homedetails/1441-Carries-Ct-Huntingtown-MD-20639/208441240_zpid/
109900,3626700,3,2,1404,32.643,House for sale,425 Clarendon Ave Hagerstown MD 21740,https://www.zillow.com/homedetails/425-Clarendon-Ave-Hagerstown-MD-21740/37680351_zpid/
75000,2475000,4,3,2704,62.868,Foreclosure,214 E Isabella St Salisbury MD 21801,https://www.zillow.com/homedetails/214-E-Isabella-St-Salisbury-MD-21801/37692149_zpid/
600000,19800000,5,3,2825,65.68125,House for sale,2601 Redmiles Dr Silver Spring MD 20905,https://www.zillow.com/homedetails/2601-Redmiles-Dr-Silver-Spring-MD-20905/37133888_zpid/
439990,14519670,4,2,1600,37.2,New construction,528 Bruce Ave Odenton MD 21113,https://www.zillow.com/homedetails/528-Bruce-Ave-Odenton-MD-21113/36098073_zpid/
900000,29700000,3,4,2950,68.5875,House for sale,5803 McKinley St Bethesda MD 20817,https://www.zillow.com/homedetails/5803-McKinley-St-Bethesda-MD-20817/37178773_zpid/
575000,18975000,3,3,2664,61.938,House for sale,3650 Foxhall Pl White Plains MD 20695,https://www.zillow.com/homedetails/3650-Foxhall-Pl-White-Plains-MD-20695/36727886_zpid/
325000,10725000,3,2,1680,39.06,House for sale,152 W Chestnut Hill Ln Reisterstown MD 21136,https://www.zillow.com/homedetails/152-W-Chestnut-Hill-Ln-Reisterstown-MD-21136/36360074_zpid/
375000,12375000,5,2,1928,44.826,House for sale,5757 Shookstown Rd Frederick MD 21702,https://www.zillow.com/homedetails/5757-Shookstown-Rd-Frederick-MD-21702/36861492_zpid/
739000,24387000,4,4,4397,102.23025,New construction,905 Roundhouse Dr Brunswick MD 21716,https://www.zillow.com/homedetails/905-Roundhouse-Dr-Brunswick-MD-21716/2065567076_zpid/
329999,10889967,4,3,1991,46.29075,Foreclosure,19 Blackpool Cir Waldorf MD 20602,https://www.zillow.com/homedetails/19-Blackpool-Cir-Waldorf-MD-20602/82128918_zpid/
249000,8217000,4,2,2114,49.1505,House for sale,29313 Heworth Rd Easton MD 21601,https://www.zillow.com/homedetails/29313-Heworth-Rd-Easton-MD-21601/37633833_zpid/
325000,10725000,3,4,1320,30.69,Townhouse for sale,2914 Forest Run Dr District Heights MD 20747,https://www.zillow.com/homedetails/2914-Forest-Run-Dr-District-Heights-MD-20747/37391226_zpid/
739900,24416700,4,4,4702,109.3215,House for sale,12812 Ledo Creek Ter Beltsville MD 20705,https://www.zillow.com/homedetails/12812-Ledo-Creek-Ter-Beltsville-MD-20705/67217792_zpid/
290000,9570000,3,2,1424,33.108,House for sale,3304 Richmond Ave Baltimore MD 21213,https://www.zillow.com/homedetails/3304-Richmond-Ave-Baltimore-MD-21213/36447036_zpid/
339000,11187000,2,2,1360,31.62,Townhouse for sale,113 S Market St Frederick MD 21701,https://www.zillow.com/homedetails/113-S-Market-St-Frederick-MD-21701/149476000_zpid/
795000,26235000,4,4,4548,105.741,House for sale,1502 Stone Ridge Way Bel Air MD 21015,https://www.zillow.com/homedetails/1502-Stone-Ridge-Way-Bel-Air-MD-21015/58198148_zpid/
119000,3927000,4,2,1568,36.456,Home for sale,326 Rolphs Wharf Rd Chestertown MD 21620,https://www.zillow.com/homedetails/326-Rolphs-Wharf-Rd-Chestertown-MD-21620/37570506_zpid/
285000,9405000,2,2,1248,29.016,Townhouse for sale,5803 Rowanberry Dr #1B Elkridge MD 21075,https://www.zillow.com/homedetails/5803-Rowanberry-Dr-1B-Elkridge-MD-21075/36988557_zpid/
105000,3465000,2,2,1016,23.622,Townhouse for sale,3439 Dunhaven Rd Baltimore MD 21222,https://www.zillow.com/homedetails/3439-Dunhaven-Rd-Baltimore-MD-21222/36240428_zpid/
799000,26367000,4,4,4017,93.39525,House for sale,11812 Morning Star Dr Germantown MD 20876,https://www.zillow.com/homedetails/11812-Morning-Star-Dr-Germantown-MD-20876/37086847_zpid/
475000,15675000,5,3,2442,56.7765,House for sale,11337 Teakwood Ct Waldorf MD 20603,https://www.zillow.com/homedetails/11337-Teakwood-Ct-Waldorf-MD-20603/36735362_zpid/
499000,16467000,3,3,1942,45.1515,House for sale,11506 Joseph Mill Rd Silver Spring MD 20906,https://www.zillow.com/homedetails/11506-Joseph-Mill-Rd-Silver-Spring-MD-20906/37294295_zpid/
189700,6260100,4,2,1344,31.248,Townhouse for sale,7110 Eastbrook Ave Baltimore MD 21224,https://www.zillow.com/homedetails/7110-Eastbrook-Ave-Baltimore-MD-21224/36243550_zpid/
465000,15345000,4,3,1734,40.3155,House for sale,316 Ternwing Dr Arnold MD 21012,https://www.zillow.com/homedetails/316-Ternwing-Dr-Arnold-MD-21012/36056749_zpid/
989000,32637000,5,3,5420,126.015,House for sale,16803 Wesley Chapel Rd Monkton MD 21111,https://www.zillow.com/homedetails/16803-Wesley-Chapel-Rd-Monkton-MD-21111/36207296_zpid/
450000,14850000,4,3,1824,42.408,House for sale,3517 Smoke Tree Ct Waldorf MD 20602,https://www.zillow.com/homedetails/3517-Smoke-Tree-Ct-Waldorf-MD-20602/36724251_zpid/
747000,24651000,5,4,3394,78.9105,House for sale,318 Gittings Ave Baltimore MD 21212,https://www.zillow.com/homedetails/318-Gittings-Ave-Baltimore-MD-21212/90004379_zpid/
569000,18777000,4,3,1947,45.26775,House for sale,10204 Shaker Dr Columbia MD 21046,https://www.zillow.com/homedetails/10204-Shaker-Dr-Columbia-MD-21046/37012419_zpid/
599999,19799967,4,4,3160,73.47,House for sale,11606 Prince Albert Ter Germantown MD 20876,https://www.zillow.com/homedetails/11606-Prince-Albert-Ter-Germantown-MD-20876/37244952_zpid/
342000,11286000,4,3,1056,24.552,House for sale,3207 E Northern Pkwy Baltimore MD 21214,https://www.zillow.com/homedetails/3207-E-Northern-Pkwy-Baltimore-MD-21214/36584772_zpid/
139900,4616700,5,2,1820,42.315,House for sale,106 Conowingo Ct North East MD 21901,https://www.zillow.com/homedetails/106-Conowingo-Ct-North-East-MD-21901/36689358_zpid/
299000,9867000,3,2,1918,44.5935,House for sale,302 W Main St Rising Sun MD 21911,https://www.zillow.com/homedetails/302-W-Main-St-Rising-Sun-MD-21911/82133107_zpid/
198000,6534000,5,2,1842,42.8265,Townhouse for sale,736 Dolphin St Baltimore MD 21217,https://www.zillow.com/homedetails/736-Dolphin-St-Baltimore-MD-21217/36516075_zpid/
650000,21450000,4,4,4880,113.46,House for sale,9804 Kraft Hill Rd Perry Hall MD 21128,https://www.zillow.com/homedetails/9804-Kraft-Hill-Rd-Perry-Hall-MD-21128/67864985_zpid/
330000,10890000,3,1,1253,29.13225,House for sale,2010 McGinnes Rd Chestertown MD 21620,https://www.zillow.com/homedetails/2010-McGinnes-Rd-Chestertown-MD-21620/37585675_zpid/
619999,20459967,4,3,1863,43.31475,House for sale,7507 Glenside Dr Takoma Park MD 20912,https://www.zillow.com/homedetails/7507-Glenside-Dr-Takoma-Park-MD-20912/37341110_zpid/
369900,12206700,4,2,1564,36.363,House for sale,4603 Navy Day Pl Suitland MD 20746,https://www.zillow.com/homedetails/4603-Navy-Day-Pl-Suitland-MD-20746/37395064_zpid/
599900,19796700,4,4,4138,96.2085,House for sale,4908 Sutherland Dr Frederick MD 21703,https://www.zillow.com/homedetails/4908-Sutherland-Dr-Frederick-MD-21703/36826025_zpid/
229950,7588350,4,3,1777,41.31525,House for sale,725 Ferndale Rd Salisbury MD 21801,https://www.zillow.com/homedetails/725-Ferndale-Rd-Salisbury-MD-21801/37705928_zpid/
384900,12701700,3,3,2132,49.569,House for sale,9529 Sherwood Dr Upper Marlboro MD 20772,https://www.zillow.com/homedetails/9529-Sherwood-Dr-Upper-Marlboro-MD-20772/37432392_zpid/
1200000,39600000,4,4,4520,105.09,House for sale,1507 Sandy Glenn Pl Sandy Spring MD 20860,https://www.zillow.com/homedetails/1507-Sandy-Glenn-Pl-Sandy-Spring-MD-20860/2065615243_zpid/
325000,10725000,3,2,1826,42.4545,Townhouse for sale,6846 Snow Goose Ct Frederick MD 21703,https://www.zillow.com/homedetails/6846-Snow-Goose-Ct-Frederick-MD-21703/36825147_zpid/
420000,13860000,3,2,1542,35.8515,House for sale,5407 14th Ave Hyattsville MD 20782,https://www.zillow.com/homedetails/5407-14th-Ave-Hyattsville-MD-20782/37524843_zpid/
199900,6596700,3,2,1815,42.19875,Townhouse for sale,6916 Fieldcrest Rd Baltimore MD 21215,https://www.zillow.com/homedetails/6916-Fieldcrest-Rd-Baltimore-MD-21215/36603873_zpid/
285000,9405000,4,2,1582,36.7815,Townhouse for sale,9887 Whiskey Run Laurel MD 20723,https://www.zillow.com/homedetails/9887-Whiskey-Run-Laurel-MD-20723/37055182_zpid/
199000,6567000,3,2,1440,33.48,House for sale,120 John St Hagerstown MD 21740,https://www.zillow.com/homedetails/120-John-St-Hagerstown-MD-21740/37677511_zpid/
360000,11880000,3,2,1412,32.829,House for sale,2017 Brighton Rd Hyattsville MD 20782,https://www.zillow.com/homedetails/2017-Brighton-Rd-Hyattsville-MD-20782/37519355_zpid/
475000,15675000,3,3,2568,59.706,House for sale,3817 7th St North Beach MD 20714,https://www.zillow.com/homedetails/3817-7th-St-North-Beach-MD-20714/67481468_zpid/
199900,6596700,4,3,1632,37.944,House for sale,2010 Snydersburg Rd Westminster MD 21157,https://www.zillow.com/homedetails/2010-Snydersburg-Rd-Westminster-MD-21157/64535906_zpid/
865000,28545000,5,5,4536,105.462,House for sale,10211 Sunway Ter Ellicott City MD 21042,https://www.zillow.com/homedetails/10211-Sunway-Ter-Ellicott-City-MD-21042/37029909_zpid/
425000,14025000,3,4,2952,68.634,Townhouse for sale,940 Ramble Run Rd Baltimore MD 21220,https://www.zillow.com/homedetails/940-Ramble-Run-Rd-Baltimore-MD-21220/242055431_zpid/
329000,10857000,2,2,1360,31.62,Townhouse for sale,115 S Market St Frederick MD 21701,https://www.zillow.com/homedetails/115-S-Market-St-Frederick-MD-21701/149476120_zpid/
749000,24717000,4,4,2516,58.497,House for sale,17333 Moss Side Ln Olney MD 20832,https://www.zillow.com/homedetails/17333-Moss-Side-Ln-Olney-MD-20832/37206840_zpid/
715000,23595000,4,3,3888,90.396,House for sale,10228 Royal Saint Andrews Pl Ijamsville MD 21754,https://www.zillow.com/homedetails/10228-Royal-Saint-Andrews-Pl-Ijamsville-MD-21754/36890026_zpid/
274900,9071700,3,4,2468,57.381,Townhouse for sale,17610 Basalt Way Hagerstown MD 21740,https://www.zillow.com/homedetails/17610-Basalt-Way-Hagerstown-MD-21740/64886100_zpid/
435000,14355000,3,2,1768,41.106,House for sale,10802 Lake Ct E New Market MD 21774,https://www.zillow.com/homedetails/10802-Lake-Ct-E-New-Market-MD-21774/36867518_zpid/
370000,12210000,3,1,1224,28.458,House for sale,3 Walnut St Myersville MD 21773,https://www.zillow.com/homedetails/3-Walnut-St-Myersville-MD-21773/36834169_zpid/
1150000,37950000,4,3,2646,61.5195,House for sale,9717 Brookford Rd Potomac MD 20854,https://www.zillow.com/homedetails/9717-Brookford-Rd-Potomac-MD-20854/37260218_zpid/
485000,16005000,3,2,1764,41.013,House for sale,416 Carvel Beach Rd Baltimore MD 21226,https://www.zillow.com/homedetails/416-Carvel-Beach-Rd-Baltimore-MD-21226/36039207_zpid/
395000,13035000,3,4,2100,48.825,Townhouse for sale,7637 Tall Pin Oak Dr UNIT 102 Elkridge MD 21075,https://www.zillow.com/homedetails/7637-Tall-Pin-Oak-Dr-UNIT-102-Elkridge-MD-21075/82139212_zpid/
729000,24057000,4,3,3123,72.60975,Townhouse for sale,16 Cedar Shores Dr #9 Mc Henry MD 21541,https://www.zillow.com/homedetails/16-Cedar-Shores-Dr-9-Mc-Henry-MD-21541/62835113_zpid/
224900,7421700,2,2,1346,31.2945,Townhouse for sale,126 N Belnord Ave Baltimore MD 21224,https://www.zillow.com/homedetails/126-N-Belnord-Ave-Baltimore-MD-21224/36440952_zpid/
175000,5775000,2,1,945,21.97125,Foreclosure,10804 Oak Valley Dr Hagerstown MD 21740,https://www.zillow.com/homedetails/10804-Oak-Valley-Dr-Hagerstown-MD-21740/37684613_zpid/
399990,13199670,3,2,1748,40.641,Townhouse for sale,7003 Cradlerock Farm Ct Columbia MD 21045,https://www.zillow.com/homedetails/7003-Cradlerock-Farm-Ct-Columbia-MD-21045/37061819_zpid/
189999,6269967,3,2,1660,38.595,House for sale,13707 Village Mill Dr Maugansville MD 21767,https://www.zillow.com/homedetails/13707-Village-Mill-Dr-Maugansville-MD-21767/37663104_zpid/
500000,16500000,3,2,1408,32.736,House for sale,105 Fairview Ave Frederick MD 21701,https://www.zillow.com/homedetails/105-Fairview-Ave-Frederick-MD-21701/36847366_zpid/
199000,6567000,3,2,1136,26.412,House for sale,5454 Ragged Point Rd Cambridge MD 21613,https://www.zillow.com/homedetails/5454-Ragged-Point-Rd-Cambridge-MD-21613/36822798_zpid/
